match_id,timestamp,date,time_start,day_of_week,outcome,champion,role
EUW1_7521174304,2025-09-07 11:59:46.441,2025-09-07,11:59:46,Sunday,Win,Khazix,JUNGLE
EUW1_7521154830,2025-09-07 11:28:32.766,2025-09-07,11:28:32,Sunday,Loss,Khazix,JUNGLE
EUW1_7521128325,2025-09-07 10:50:03.066,2025-09-07,10:50:03,Sunday,Loss,Khazix,JUNGLE
EUW1_7521106318,2025-09-07 10:05:00.843,2025-09-07,10:05:00,Sunday,Loss,Khazix,JUNGLE
EUW1_7521096837,2025-09-07 09:22:32.563,2025-09-07,09:22:32,Sunday,Loss,Khazix,JUNGLE
EUW1_7520572731,2025-09-06 19:34:53.522,2025-09-06,19:34:53,Saturday,Win,Khazix,JUNGLE
EUW1_7520520823,2025-09-06 18:44:30.769,2025-09-06,18:44:30,Saturday,Win,Khazix,JUNGLE
EUW1_7520401848,2025-09-06 16:48:44.734,2025-09-06,16:48:44,Saturday,Loss,Khazix,JUNGLE
EUW1_7520355958,2025-09-06 16:05:36.197,2025-09-06,16:05:36,Saturday,Loss,MasterYi,JUNGLE
EUW1_7520316451,2025-09-06 15:31:33.076,2025-09-06,15:31:33,Saturday,Loss,Khazix,JUNGLE
EUW1_7520135681,2025-09-06 11:45:06.839,2025-09-06,11:45:06,Saturday,Win,Khazix,JUNGLE
EUW1_7519872492,2025-09-06 00:08:58.200,2025-09-06,00:08:58,Saturday,Win,Khazix,JUNGLE
EUW1_7519823758,2025-09-05 23:31:06.102,2025-09-05,23:31:06,Friday,Win,Khazix,JUNGLE
EUW1_7519752200,2025-09-05 22:40:29.653,2025-09-05,22:40:29,Friday,Loss,Khazix,JUNGLE
EUW1_7519704983,2025-09-05 22:04:14.837,2025-09-05,22:04:14,Friday,Win,Khazix,JUNGLE
EUW1_7519644988,2025-09-05 21:18:05.074,2025-09-05,21:18:05,Friday,Win,Khazix,JUNGLE
EUW1_7519604992,2025-09-05 20:44:33.009,2025-09-05,20:44:33,Friday,Win,Khazix,JUNGLE
EUW1_7519549511,2025-09-05 19:52:55.067,2025-09-05,19:52:55,Friday,Loss,Khazix,JUNGLE
EUW1_7519499870,2025-09-05 19:08:59.639,2025-09-05,19:08:59,Friday,Loss,Khazix,JUNGLE
EUW1_7519075474,2025-09-05 09:33:52.043,2025-09-05,09:33:52,Friday,Win,Khazix,JUNGLE
EUW1_7518354200,2025-09-04 16:27:27.843,2025-09-04,16:27:27,Thursday,Win,Khazix,JUNGLE
EUW1_7518324971,2025-09-04 15:52:22.537,2025-09-04,15:52:22,Thursday,Loss,Khazix,JUNGLE
EUW1_7518295937,2025-09-04 15:17:13.587,2025-09-04,15:17:13,Thursday,Loss,Khazix,JUNGLE
EUW1_7518275510,2025-09-04 14:46:55.816,2025-09-04,14:46:55,Thursday,Loss,Leona,UTILITY
EUW1_7518243596,2025-09-04 14:07:00.329,2025-09-04,14:07:00,Thursday,Win,Khazix,JUNGLE
EUW1_7518212066,2025-09-04 13:28:04.674,2025-09-04,13:28:04,Thursday,Loss,JarvanIV,JUNGLE
EUW1_7518136040,2025-09-04 11:17:13.175,2025-09-04,11:17:13,Thursday,Win,Khazix,JUNGLE
EUW1_7518115346,2025-09-04 10:35:01.026,2025-09-04,10:35:01,Thursday,Loss,Khazix,JUNGLE
EUW1_7518103902,2025-09-04 09:54:40.034,2025-09-04,09:54:40,Thursday,Loss,Khazix,JUNGLE
EUW1_7518087807,2025-09-04 09:10:49.714,2025-09-04,09:10:49,Thursday,Win,Khazix,JUNGLE
EUW1_7518076889,2025-09-04 08:22:20.680,2025-09-04,08:22:20,Thursday,Win,Khazix,JUNGLE
EUW1_7517664101,2025-09-03 21:02:34.581,2025-09-03,21:02:34,Wednesday,Win,Khazix,JUNGLE
EUW1_7517548581,2025-09-03 19:36:58.623,2025-09-03,19:36:58,Wednesday,Win,Khazix,JUNGLE
EUW1_7517320889,2025-09-03 16:10:46.705,2025-09-03,16:10:46,Wednesday,Win,Khazix,JUNGLE
EUW1_7517289460,2025-09-03 15:29:55.460,2025-09-03,15:29:55,Wednesday,Win,Khazix,JUNGLE
EUW1_7517262114,2025-09-03 15:05:19.863,2025-09-03,15:05:19,Wednesday,Loss,Vi,JUNGLE
EUW1_7517239572,2025-09-03 14:29:05.847,2025-09-03,14:29:05,Wednesday,Win,Khazix,JUNGLE
EUW1_7517200124,2025-09-03 13:41:08.910,2025-09-03,13:41:08,Wednesday,Loss,Khazix,JUNGLE
EUW1_7517179634,2025-09-03 13:03:50.855,2025-09-03,13:03:50,Wednesday,Loss,Kindred,JUNGLE
EUW1_7517148917,2025-09-03 12:19:18.825,2025-09-03,12:19:18,Wednesday,Loss,Khazix,JUNGLE
EUW1_7517144622,2025-09-03 12:07:35.147,2025-09-03,12:07:35,Wednesday,Loss,Khazix,
EUW1_7517121965,2025-09-03 11:28:41.378,2025-09-03,11:28:41,Wednesday,Win,Khazix,JUNGLE
EUW1_7516440849,2025-09-02 18:26:47.447,2025-09-02,18:26:47,Tuesday,Loss,Khazix,JUNGLE
EUW1_7516020373,2025-09-02 07:49:17.185,2025-09-02,07:49:17,Tuesday,Win,Khazix,JUNGLE
EUW1_7515194331,2025-09-01 15:38:13.497,2025-09-01,15:38:13,Monday,Win,Nami,UTILITY
EUW1_7515164053,2025-09-01 15:02:04.521,2025-09-01,15:02:04,Monday,Win,Khazix,JUNGLE
EUW1_7515134158,2025-09-01 14:26:27.926,2025-09-01,14:26:27,Monday,Loss,Khazix,JUNGLE
EUW1_7515102626,2025-09-01 13:40:06.940,2025-09-01,13:40:06,Monday,Loss,Khazix,JUNGLE
EUW1_7515079833,2025-09-01 13:09:45.433,2025-09-01,13:09:45,Monday,Loss,Khazix,JUNGLE
EUW1_7515049453,2025-09-01 12:32:12.645,2025-09-01,12:32:12,Monday,Win,Khazix,JUNGLE
EUW1_7514963704,2025-09-01 08:52:23.654,2025-09-01,08:52:23,Monday,Win,Khazix,JUNGLE
EUW1_7514956648,2025-09-01 08:20:08.791,2025-09-01,08:20:08,Monday,Loss,Khazix,JUNGLE
EUW1_7514437407,2025-08-31 20:13:23.571,2025-08-31,20:13:23,Sunday,Win,Khazix,JUNGLE
EUW1_7514386748,2025-08-31 19:35:04.111,2025-08-31,19:35:04,Sunday,Loss,Khazix,JUNGLE
EUW1_7514334280,2025-08-31 19:03:41.882,2025-08-31,19:03:41,Sunday,Loss,Khazix,JUNGLE
EUW1_7513754965,2025-08-31 10:35:12.052,2025-08-31,10:35:12,Sunday,Loss,Khazix,JUNGLE
EUW1_7513738580,2025-08-31 09:49:17.269,2025-08-31,09:49:17,Sunday,Win,Khazix,JUNGLE
EUW1_7512781754,2025-08-30 14:53:34.175,2025-08-30,14:53:34,Saturday,Win,Khazix,JUNGLE
EUW1_7512583064,2025-08-30 11:17:34.213,2025-08-30,11:17:34,Saturday,Win,Khazix,JUNGLE
EUW1_7512566216,2025-08-30 10:55:58.554,2025-08-30,10:55:58,Saturday,Loss,JarvanIV,JUNGLE
EUW1_7512559181,2025-08-30 10:45:47.205,2025-08-30,10:45:47,Saturday,Win,Khazix,JUNGLE
EUW1_7512542333,2025-08-30 10:11:07.768,2025-08-30,10:11:07,Saturday,Loss,Khazix,JUNGLE
EUW1_7512532928,2025-08-30 09:36:48.230,2025-08-30,09:36:48,Saturday,Loss,Khazix,JUNGLE
EUW1_7512522591,2025-08-30 08:52:31.260,2025-08-30,08:52:31,Saturday,Win,Khazix,JUNGLE
EUW1_7511506119,2025-08-29 14:40:59.512,2025-08-29,14:40:59,Friday,Loss,Khazix,JUNGLE
EUW1_7511458238,2025-08-29 13:53:04.482,2025-08-29,13:53:04,Friday,Win,Khazix,JUNGLE
EUW1_7511430992,2025-08-29 13:18:35.940,2025-08-29,13:18:35,Friday,Win,Khazix,JUNGLE
EUW1_7511400798,2025-08-29 12:39:07.334,2025-08-29,12:39:07,Friday,Win,JarvanIV,JUNGLE
EUW1_7511373835,2025-08-29 12:04:06.972,2025-08-29,12:04:06,Friday,Win,Khazix,JUNGLE
EUW1_7511349824,2025-08-29 11:27:15.034,2025-08-29,11:27:15,Friday,Loss,Khazix,JUNGLE
EUW1_7511328763,2025-08-29 10:52:07.363,2025-08-29,10:52:07,Friday,Win,Khazix,JUNGLE
EUW1_7511299276,2025-08-29 10:00:34.286,2025-08-29,10:00:34,Friday,Win,Khazix,JUNGLE
EUW1_7511280312,2025-08-29 09:03:22.357,2025-08-29,09:03:22,Friday,Win,Khazix,JUNGLE
EUW1_7510511823,2025-08-28 18:36:34.707,2025-08-28,18:36:34,Thursday,Win,Khazix,JUNGLE
EUW1_7510465418,2025-08-28 18:07:47.913,2025-08-28,18:07:47,Thursday,Win,Khazix,JUNGLE
EUW1_7510328630,2025-08-28 16:22:48.088,2025-08-28,16:22:48,Thursday,Loss,Khazix,JUNGLE
EUW1_7510263971,2025-08-28 15:34:40.532,2025-08-28,15:34:40,Thursday,Win,Khazix,JUNGLE
EUW1_7510001272,2025-08-28 10:39:14.542,2025-08-28,10:39:14,Thursday,Win,Khazix,JUNGLE
EUW1_7509978409,2025-08-28 09:53:22.749,2025-08-28,09:53:22,Thursday,Win,Khazix,JUNGLE
EUW1_7509981787,2025-08-28 09:47:00.159,2025-08-28,09:47:00,Thursday,Loss,Khazix,JUNGLE
EUW1_7509967211,2025-08-28 09:14:47.576,2025-08-28,09:14:47,Thursday,Loss,Khazix,JUNGLE
EUW1_7509959907,2025-08-28 08:37:09.206,2025-08-28,08:37:09,Thursday,Win,Khazix,JUNGLE
EUW1_7509308086,2025-08-27 20:35:03.391,2025-08-27,20:35:03,Wednesday,Loss,Khazix,JUNGLE
EUW1_7509266790,2025-08-27 20:12:54.726,2025-08-27,20:12:54,Wednesday,Loss,Khazix,JUNGLE
EUW1_7508966105,2025-08-27 17:07:03.756,2025-08-27,17:07:03,Wednesday,Loss,Khazix,JUNGLE
EUW1_7508915260,2025-08-27 16:21:49.516,2025-08-27,16:21:49,Wednesday,Loss,Khazix,JUNGLE
EUW1_7508879015,2025-08-27 15:44:10.509,2025-08-27,15:44:10,Wednesday,Loss,Khazix,JUNGLE
EUW1_7508845935,2025-08-27 15:06:39.953,2025-08-27,15:06:39,Wednesday,Win,Khazix,JUNGLE
EUW1_7508809047,2025-08-27 14:26:22.178,2025-08-27,14:26:22,Wednesday,Win,Khazix,JUNGLE
EUW1_7508198733,2025-08-26 20:54:14.352,2025-08-26,20:54:14,Tuesday,Win,Khazix,JUNGLE
EUW1_7508126931,2025-08-26 20:03:51.299,2025-08-26,20:03:51,Tuesday,Loss,Khazix,JUNGLE
EUW1_7507933589,2025-08-26 17:10:28.226,2025-08-26,17:10:28,Tuesday,Win,Khazix,JUNGLE
EUW1_7507903810,2025-08-26 16:43:11.445,2025-08-26,16:43:11,Tuesday,Win,Khazix,JUNGLE
EUW1_7498003310,2025-08-17 16:24:27.187,2025-08-17,16:24:27,Sunday,Win,Khazix,JUNGLE
EUW1_7496743517,2025-08-16 14:32:42.976,2025-08-16,14:32:42,Saturday,Win,Khazix,JUNGLE
EUW1_7496715527,2025-08-16 14:01:49.044,2025-08-16,14:01:49,Saturday,Win,Khazix,JUNGLE
EUW1_7496676730,2025-08-16 13:20:01.150,2025-08-16,13:20:01,Saturday,Loss,Khazix,JUNGLE
EUW1_7496632364,2025-08-16 12:31:16.986,2025-08-16,12:31:16,Saturday,Win,Khazix,JUNGLE
EUW1_7496612565,2025-08-16 11:54:40.657,2025-08-16,11:54:40,Saturday,Loss,Khazix,JUNGLE
EUW1_7496582596,2025-08-16 11:10:52.025,2025-08-16,11:10:52,Saturday,Win,Khazix,JUNGLE
EUW1_7496573014,2025-08-16 11:01:15.620,2025-08-16,11:01:15,Saturday,Loss,Janna,UTILITY
EUW1_7496547319,2025-08-16 10:19:08.828,2025-08-16,10:19:08,Saturday,Win,Khazix,JUNGLE
EUW1_7496526414,2025-08-16 09:31:06.315,2025-08-16,09:31:06,Saturday,Win,Khazix,JUNGLE
EUW1_7496520350,2025-08-16 09:09:00.791,2025-08-16,09:09:00,Saturday,Loss,Khazix,JUNGLE
EUW1_7495581575,2025-08-15 13:48:13.560,2025-08-15,13:48:13,Friday,Win,Khazix,JUNGLE
EUW1_7495523802,2025-08-15 12:36:16.884,2025-08-15,12:36:16,Friday,Win,Khazix,JUNGLE
EUW1_7495492214,2025-08-15 11:59:53.451,2025-08-15,11:59:53,Friday,Loss,Elise,JUNGLE
EUW1_7495464046,2025-08-15 11:13:01.623,2025-08-15,11:13:01,Friday,Win,Khazix,JUNGLE
EUW1_7494443219,2025-08-14 13:04:29.023,2025-08-14,13:04:29,Thursday,Loss,Khazix,JUNGLE
EUW1_7494426978,2025-08-14 12:40:18.498,2025-08-14,12:40:18,Thursday,Loss,Khazix,JUNGLE
EUW1_7493522893,2025-08-13 16:25:12.761,2025-08-13,16:25:12,Wednesday,Loss,JarvanIV,JUNGLE
EUW1_7493486063,2025-08-13 15:51:09.944,2025-08-13,15:51:09,Wednesday,Win,Khazix,JUNGLE
EUW1_7493450419,2025-08-13 15:16:49.959,2025-08-13,15:16:49,Wednesday,Win,MasterYi,JUNGLE
EUW1_7493418539,2025-08-13 14:33:02.829,2025-08-13,14:33:02,Wednesday,Win,Khazix,JUNGLE
EUW1_7493363108,2025-08-13 13:36:01.645,2025-08-13,13:36:01,Wednesday,Win,Khazix,JUNGLE
EUW1_7493335032,2025-08-13 12:59:46.673,2025-08-13,12:59:46,Wednesday,Win,Khazix,JUNGLE
EUW1_7492667052,2025-08-12 19:53:39.745,2025-08-12,19:53:39,Tuesday,Win,Khazix,JUNGLE
EUW1_7492599428,2025-08-12 18:59:50.818,2025-08-12,18:59:50,Tuesday,Win,Khazix,JUNGLE
EUW1_7491086139,2025-08-11 12:06:51.961,2025-08-11,12:06:51,Monday,Loss,Jax,JUNGLE
EUW1_7491059890,2025-08-11 11:21:21.940,2025-08-11,11:21:21,Monday,Loss,MasterYi,JUNGLE
EUW1_7490568734,2025-08-10 21:13:22.534,2025-08-10,21:13:22,Sunday,Loss,MasterYi,JUNGLE
EUW1_7490526562,2025-08-10 20:41:07.722,2025-08-10,20:41:07,Sunday,Loss,MasterYi,JUNGLE
EUW1_7490422361,2025-08-10 19:27:49.264,2025-08-10,19:27:49,Sunday,Loss,MasterYi,JUNGLE
EUW1_7490375656,2025-08-10 18:45:01.424,2025-08-10,18:45:01,Sunday,Win,MasterYi,JUNGLE
EUW1_7490318834,2025-08-10 18:01:40.780,2025-08-10,18:01:40,Sunday,Loss,MasterYi,JUNGLE
EUW1_7490242896,2025-08-10 17:01:30.738,2025-08-10,17:01:30,Sunday,Win,MasterYi,JUNGLE
EUW1_7490011944,2025-08-10 13:37:32.236,2025-08-10,13:37:32,Sunday,Loss,Trundle,JUNGLE
EUW1_7489923873,2025-08-10 11:59:41.245,2025-08-10,11:59:41,Sunday,Loss,JarvanIV,JUNGLE
EUW1_7489884306,2025-08-10 11:09:46.012,2025-08-10,11:09:46,Sunday,Win,JarvanIV,JUNGLE
EUW1_7489837722,2025-08-10 09:20:32.932,2025-08-10,09:20:32,Sunday,Win,JarvanIV,JUNGLE
EUW1_7489369521,2025-08-09 21:02:00.279,2025-08-09,21:02:00,Saturday,Win,JarvanIV,JUNGLE
EUW1_7489318848,2025-08-09 20:19:08.599,2025-08-09,20:19:08,Saturday,Win,JarvanIV,JUNGLE
EUW1_7489283701,2025-08-09 19:43:22.905,2025-08-09,19:43:22,Saturday,Loss,Nami,UTILITY
EUW1_7489137011,2025-08-09 17:24:44.057,2025-08-09,17:24:44,Saturday,Loss,JarvanIV,JUNGLE
EUW1_7489099872,2025-08-09 16:51:45.578,2025-08-09,16:51:45,Saturday,Loss,Khazix,JUNGLE
EUW1_7488991139,2025-08-09 15:10:08.709,2025-08-09,15:10:08,Saturday,Loss,Vi,JUNGLE
EUW1_7488940565,2025-08-09 14:12:09.697,2025-08-09,14:12:09,Saturday,Loss,JarvanIV,JUNGLE
EUW1_7488866466,2025-08-09 12:44:53.192,2025-08-09,12:44:53,Saturday,Win,JarvanIV,JUNGLE
EUW1_7488368077,2025-08-08 22:23:12.965,2025-08-08,22:23:12,Friday,Win,JarvanIV,JUNGLE
EUW1_7488300841,2025-08-08 21:32:42.790,2025-08-08,21:32:42,Friday,Win,JarvanIV,JUNGLE
EUW1_7488031524,2025-08-08 17:33:58.784,2025-08-08,17:33:58,Friday,Loss,Khazix,JUNGLE
EUW1_7487996542,2025-08-08 16:59:49.653,2025-08-08,16:59:49,Friday,Loss,Jax,JUNGLE
EUW1_7487951514,2025-08-08 16:20:07.845,2025-08-08,16:20:07,Friday,Win,JarvanIV,JUNGLE
EUW1_7487910322,2025-08-08 15:46:28.388,2025-08-08,15:46:28,Friday,Win,JarvanIV,JUNGLE
EUW1_7487878013,2025-08-08 15:08:47.032,2025-08-08,15:08:47,Friday,Win,JarvanIV,JUNGLE
EUW1_7487742203,2025-08-08 12:26:06.222,2025-08-08,12:26:06,Friday,Win,JarvanIV,JUNGLE
EUW1_7487726485,2025-08-08 11:51:16.273,2025-08-08,11:51:16,Friday,Loss,Khazix,JUNGLE
EUW1_7487241717,2025-08-07 21:41:39.655,2025-08-07,21:41:39,Thursday,Win,Khazix,JUNGLE
EUW1_7487199251,2025-08-07 21:14:03.877,2025-08-07,21:14:03,Thursday,Loss,Vi,JUNGLE
EUW1_7487173926,2025-08-07 20:53:26.704,2025-08-07,20:53:26,Thursday,Loss,Pantheon,JUNGLE
EUW1_7487106525,2025-08-07 19:57:55.154,2025-08-07,19:57:55,Thursday,Win,Vi,JUNGLE
EUW1_7486845458,2025-08-07 16:01:35.213,2025-08-07,16:01:35,Thursday,Loss,Khazix,JUNGLE
EUW1_7486622133,2025-08-07 11:25:12.360,2025-08-07,11:25:12,Thursday,Loss,Khazix,JUNGLE
EUW1_7486573169,2025-08-07 09:39:27.384,2025-08-07,09:39:27,Thursday,Win,Khazix,JUNGLE
EUW1_7486167563,2025-08-06 21:46:04.261,2025-08-06,21:46:04,Wednesday,Loss,Khazix,JUNGLE
EUW1_7486095735,2025-08-06 21:00:01.841,2025-08-06,21:00:01,Wednesday,Loss,Khazix,JUNGLE
EUW1_7486047717,2025-08-06 20:24:51.314,2025-08-06,20:24:51,Wednesday,Win,Khazix,JUNGLE
EUW1_7485677535,2025-08-06 14:56:27.249,2025-08-06,14:56:27,Wednesday,Loss,Khazix,JUNGLE
EUW1_7485646857,2025-08-06 14:25:36.418,2025-08-06,14:25:36,Wednesday,Loss,Khazix,JUNGLE
EUW1_7485532550,2025-08-06 11:46:35.746,2025-08-06,11:46:35,Wednesday,Win,Khazix,JUNGLE
EUW1_7485470890,2025-08-06 09:56:54.112,2025-08-06,09:56:54,Wednesday,Loss,Khazix,JUNGLE
EUW1_7485461335,2025-08-06 09:42:09.149,2025-08-06,09:42:09,Wednesday,Loss,Khazix,JUNGLE
EUW1_7485448907,2025-08-06 08:54:01.503,2025-08-06,08:54:01,Wednesday,Loss,Kaisa,BOTTOM
EUW1_7485444703,2025-08-06 08:13:12.435,2025-08-06,08:13:12,Wednesday,Win,Kaisa,BOTTOM
EUW1_7484977968,2025-08-05 21:09:10.162,2025-08-05,21:09:10,Tuesday,Loss,Khazix,JUNGLE
EUW1_7484921237,2025-08-05 20:34:23.714,2025-08-05,20:34:23,Tuesday,Loss,Khazix,JUNGLE
EUW1_7484865797,2025-08-05 19:56:47.977,2025-08-05,19:56:47,Tuesday,Win,Khazix,JUNGLE
EUW1_7484805170,2025-08-05 19:15:27.414,2025-08-05,19:15:27,Tuesday,Loss,Khazix,JUNGLE
EUW1_7484782930,2025-08-05 18:56:24.065,2025-08-05,18:56:24,Tuesday,Win,Khazix,JUNGLE
EUW1_7484701260,2025-08-05 17:53:36.491,2025-08-05,17:53:36,Tuesday,Win,Khazix,JUNGLE
EUW1_7484654197,2025-08-05 17:14:28.310,2025-08-05,17:14:28,Tuesday,Loss,Khazix,JUNGLE
EUW1_7483517134,2025-08-04 17:54:44.146,2025-08-04,17:54:44,Monday,Win,Khazix,JUNGLE
EUW1_7483482867,2025-08-04 17:25:07.840,2025-08-04,17:25:07,Monday,Loss,Khazix,JUNGLE
EUW1_7483434671,2025-08-04 16:43:04.636,2025-08-04,16:43:04,Monday,Loss,Khazix,JUNGLE
EUW1_7483099894,2025-08-04 09:34:18.302,2025-08-04,09:34:18,Monday,Win,Khazix,JUNGLE
EUW1_7483090681,2025-08-04 08:56:21.170,2025-08-04,08:56:21,Monday,Loss,Khazix,JUNGLE
EUW1_7482292070,2025-08-03 17:38:26.981,2025-08-03,17:38:26,Sunday,Loss,Nami,UTILITY
EUW1_7482257566,2025-08-03 17:11:52.067,2025-08-03,17:11:52,Sunday,Win,Nami,UTILITY
EUW1_7482203611,2025-08-03 16:34:06.119,2025-08-03,16:34:06,Sunday,Loss,Janna,UTILITY
EUW1_7482161448,2025-08-03 16:09:44.249,2025-08-03,16:09:44,Sunday,Loss,Vi,JUNGLE
EUW1_7482114324,2025-08-03 15:33:56.037,2025-08-03,15:33:56,Sunday,Loss,JarvanIV,JUNGLE
EUW1_7482090156,2025-08-03 15:14:04.866,2025-08-03,15:14:04,Sunday,Loss,Khazix,JUNGLE
EUW1_7482004900,2025-08-03 14:01:47.895,2025-08-03,14:01:47,Sunday,Loss,Khazix,JUNGLE
EUW1_7481961808,2025-08-03 13:22:06.888,2025-08-03,13:22:06,Sunday,Loss,Khazix,JUNGLE
EUW1_7481941625,2025-08-03 13:01:22.041,2025-08-03,13:01:22,Sunday,Loss,Khazix,JUNGLE
EUW1_7481868568,2025-08-03 11:41:04.025,2025-08-03,11:41:04,Sunday,Win,Khazix,JUNGLE
EUW1_7481814571,2025-08-03 10:26:03.461,2025-08-03,10:26:03,Sunday,Loss,Khazix,JUNGLE
EUW1_7481793626,2025-08-03 09:42:50.553,2025-08-03,09:42:50,Sunday,Win,Khazix,JUNGLE
EUW1_7480994448,2025-08-02 17:30:01.086,2025-08-02,17:30:01,Saturday,Win,Khazix,JUNGLE
EUW1_7480866278,2025-08-02 15:45:16.000,2025-08-02,15:45:16,Saturday,Win,JarvanIV,JUNGLE
EUW1_7480816396,2025-08-02 15:04:24.712,2025-08-02,15:04:24,Saturday,Loss,Khazix,JUNGLE
EUW1_7480766090,2025-08-02 14:17:46.961,2025-08-02,14:17:46,Saturday,Win,Khazix,JUNGLE
EUW1_7480627749,2025-08-02 11:49:16.011,2025-08-02,11:49:16,Saturday,Win,Khazix,JUNGLE
EUW1_7480020872,2025-08-01 21:13:49.477,2025-08-01,21:13:49,Friday,Loss,Khazix,JUNGLE
EUW1_7479972811,2025-08-01 20:39:16.078,2025-08-01,20:39:16,Friday,Loss,Khazix,JUNGLE
EUW1_7479919847,2025-08-01 19:59:10.522,2025-08-01,19:59:10,Friday,Loss,Khazix,JUNGLE
EUW1_7479760375,2025-08-01 17:56:52.712,2025-08-01,17:56:52,Friday,Win,Khazix,JUNGLE
EUW1_7479728950,2025-08-01 17:26:50.524,2025-08-01,17:26:50,Friday,Win,Khazix,JUNGLE
EUW1_7479595333,2025-08-01 15:37:50.699,2025-08-01,15:37:50,Friday,Win,Khazix,JUNGLE
EUW1_7479561811,2025-08-01 15:05:39.488,2025-08-01,15:05:39,Friday,Loss,Khazix,JUNGLE
EUW1_7479523520,2025-08-01 14:24:09.789,2025-08-01,14:24:09,Friday,Loss,Vi,JUNGLE
EUW1_7479485236,2025-08-01 13:51:03.682,2025-08-01,13:51:03,Friday,Loss,Diana,JUNGLE
EUW1_7479308534,2025-08-01 09:19:02.102,2025-08-01,09:19:02,Friday,Loss,Khazix,JUNGLE
EUW1_7479290264,2025-08-01 08:48:02.266,2025-08-01,08:48:02,Friday,Win,JarvanIV,JUNGLE
EUW1_7479288759,2025-08-01 08:21:50.001,2025-08-01,08:21:50,Friday,Win,Khazix,JUNGLE
EUW1_7479279744,2025-08-01 07:46:13.215,2025-08-01,07:46:13,Friday,Win,Khazix,JUNGLE
EUW1_7478859419,2025-07-31 21:53:01.393,2025-07-31,21:53:01,Thursday,Win,Khazix,JUNGLE
EUW1_7478812387,2025-07-31 21:25:02.814,2025-07-31,21:25:02,Thursday,Win,Khazix,JUNGLE
EUW1_7478765694,2025-07-31 20:50:27.851,2025-07-31,20:50:27,Thursday,Loss,Diana,JUNGLE
EUW1_7478699411,2025-07-31 20:10:09.282,2025-07-31,20:10:09,Thursday,Loss,JarvanIV,JUNGLE
EUW1_7478597671,2025-07-31 18:50:12.594,2025-07-31,18:50:12,Thursday,Win,Diana,JUNGLE
EUW1_7478476606,2025-07-31 17:16:16.558,2025-07-31,17:16:16,Thursday,Win,Diana,JUNGLE
EUW1_7478147203,2025-07-31 11:51:31.061,2025-07-31,11:51:31,Thursday,Loss,Khazix,JUNGLE
EUW1_7478079968,2025-07-31 09:55:07.327,2025-07-31,09:55:07,Thursday,Loss,Khazix,JUNGLE
EUW1_7478064741,2025-07-31 09:18:03.433,2025-07-31,09:18:03,Thursday,Loss,JarvanIV,JUNGLE
EUW1_7478058292,2025-07-31 09:10:37.954,2025-07-31,09:10:37,Thursday,Win,Vi,JUNGLE
EUW1_7478053839,2025-07-31 08:38:35.764,2025-07-31,08:38:35,Thursday,Win,Khazix,JUNGLE
EUW1_7477615015,2025-07-30 21:55:00.366,2025-07-30,21:55:00,Wednesday,Win,Khazix,JUNGLE
EUW1_7477570650,2025-07-30 21:26:37.148,2025-07-30,21:26:37,Wednesday,Loss,Diana,JUNGLE
EUW1_7477509345,2025-07-30 20:52:46.615,2025-07-30,20:52:46,Wednesday,Loss,JarvanIV,JUNGLE
EUW1_7477447986,2025-07-30 20:11:01.095,2025-07-30,20:11:01,Wednesday,Win,Khazix,JUNGLE
EUW1_7477317234,2025-07-30 18:36:00.580,2025-07-30,18:36:00,Wednesday,Win,Khazix,JUNGLE
EUW1_7477275905,2025-07-30 18:01:25.915,2025-07-30,18:01:25,Wednesday,Loss,JarvanIV,JUNGLE
EUW1_7477246465,2025-07-30 17:33:01.640,2025-07-30,17:33:01,Wednesday,Loss,Diana,JUNGLE
EUW1_7477222879,2025-07-30 17:17:04.770,2025-07-30,17:17:04,Wednesday,Loss,Vi,JUNGLE
EUW1_7477185922,2025-07-30 16:43:58.452,2025-07-30,16:43:58,Wednesday,Loss,Khazix,JUNGLE
EUW1_7477128844,2025-07-30 15:51:08.772,2025-07-30,15:51:08,Wednesday,Loss,JarvanIV,JUNGLE
EUW1_7477091817,2025-07-30 15:15:19.450,2025-07-30,15:15:19,Wednesday,Loss,Khazix,JUNGLE
EUW1_7476855323,2025-07-30 09:24:07.392,2025-07-30,09:24:07,Wednesday,Win,JarvanIV,JUNGLE
EUW1_7476848203,2025-07-30 08:45:37.280,2025-07-30,08:45:37,Wednesday,Loss,Khazix,JUNGLE
EUW1_7476352951,2025-07-29 19:43:24.003,2025-07-29,19:43:24,Tuesday,Win,Khazix,JUNGLE
EUW1_7476315161,2025-07-29 19:09:18.615,2025-07-29,19:09:18,Tuesday,Win,JarvanIV,JUNGLE
EUW1_7476164838,2025-07-29 16:30:00.895,2025-07-29,16:30:00,Tuesday,Loss,JarvanIV,JUNGLE
EUW1_7476133918,2025-07-29 15:55:49.278,2025-07-29,15:55:49,Tuesday,Win,JarvanIV,JUNGLE
EUW1_7476117717,2025-07-29 15:33:53.107,2025-07-29,15:33:53,Tuesday,Win,Diana,JUNGLE
EUW1_7476064956,2025-07-29 14:23:31.033,2025-07-29,14:23:31,Tuesday,Loss,JarvanIV,JUNGLE
EUW1_7476036971,2025-07-29 13:41:19.122,2025-07-29,13:41:19,Tuesday,Loss,JarvanIV,JUNGLE
EUW1_7476016949,2025-07-29 13:10:03.635,2025-07-29,13:10:03,Tuesday,Win,JarvanIV,JUNGLE
EUW1_7475989468,2025-07-29 12:14:23.790,2025-07-29,12:14:23,Tuesday,Win,JarvanIV,JUNGLE
EUW1_7475935232,2025-07-29 10:20:08.889,2025-07-29,10:20:08,Tuesday,Win,JarvanIV,JUNGLE
EUW1_7475927548,2025-07-29 09:44:36.742,2025-07-29,09:44:36,Tuesday,Win,JarvanIV,JUNGLE
EUW1_7475914825,2025-07-29 08:51:34.241,2025-07-29,08:51:34,Tuesday,Win,JarvanIV,JUNGLE
EUW1_7475907811,2025-07-29 08:22:02.005,2025-07-29,08:22:02,Tuesday,Win,JarvanIV,JUNGLE
EUW1_7475450286,2025-07-28 20:23:23.876,2025-07-28,20:23:23,Monday,Loss,FiddleSticks,JUNGLE
EUW1_7475406576,2025-07-28 19:40:47.630,2025-07-28,19:40:47,Monday,Loss,Khazix,JUNGLE
EUW1_7475223841,2025-07-28 16:43:27.368,2025-07-28,16:43:27,Monday,Win,Khazix,JUNGLE
EUW1_7475077432,2025-07-28 13:39:17.436,2025-07-28,13:39:17,Monday,Win,Khazix,JUNGLE
EUW1_7475054284,2025-07-28 12:57:48.420,2025-07-28,12:57:48,Monday,Loss,Trundle,JUNGLE
EUW1_7475037007,2025-07-28 12:19:55.898,2025-07-28,12:19:55,Monday,Loss,FiddleSticks,JUNGLE
EUW1_7475028530,2025-07-28 11:50:27.093,2025-07-28,11:50:27,Monday,Loss,Diana,JUNGLE
EUW1_7475007055,2025-07-28 11:14:54.563,2025-07-28,11:14:54,Monday,Loss,JarvanIV,JUNGLE
EUW1_7474197860,2025-07-27 15:36:58.496,2025-07-27,15:36:58,Sunday,Loss,Kaisa,BOTTOM
EUW1_7474156852,2025-07-27 14:58:18.952,2025-07-27,14:58:18,Sunday,Loss,Khazix,JUNGLE
EUW1_7474144185,2025-07-27 14:47:32.983,2025-07-27,14:47:32,Sunday,Loss,Khazix,JUNGLE
EUW1_7474110963,2025-07-27 14:09:43.047,2025-07-27,14:09:43,Sunday,Win,Khazix,JUNGLE
EUW1_7474079772,2025-07-27 13:29:58.662,2025-07-27,13:29:58,Sunday,Win,Khazix,JUNGLE
EUW1_7473976194,2025-07-27 11:01:16.652,2025-07-27,11:01:16,Sunday,Loss,Khazix,JUNGLE
EUW1_7473962781,2025-07-27 10:24:56.236,2025-07-27,10:24:56,Sunday,Loss,Khazix,JUNGLE
EUW1_7473957790,2025-07-27 10:12:26.610,2025-07-27,10:12:26,Sunday,Loss,Khazix,JUNGLE
EUW1_7473940353,2025-07-27 09:31:22.741,2025-07-27,09:31:22,Sunday,Loss,Khazix,JUNGLE
EUW1_7473263283,2025-07-26 16:28:35.219,2025-07-26,16:28:35,Saturday,Loss,Vi,JUNGLE
EUW1_7473232219,2025-07-26 15:52:59.130,2025-07-26,15:52:59,Saturday,Loss,Khazix,JUNGLE
EUW1_7473093207,2025-07-26 13:06:06.317,2025-07-26,13:06:06,Saturday,Win,Khazix,JUNGLE
EUW1_7473062075,2025-07-26 12:15:20.607,2025-07-26,12:15:20,Saturday,Loss,Khazix,JUNGLE
EUW1_7473021874,2025-07-26 11:02:54.300,2025-07-26,11:02:54,Saturday,Win,Vi,JUNGLE
EUW1_7473003174,2025-07-26 10:27:15.856,2025-07-26,10:27:15,Saturday,Loss,Janna,UTILITY
EUW1_7472994646,2025-07-26 09:50:07.441,2025-07-26,09:50:07,Saturday,Win,Janna,UTILITY
EUW1_7472637479,2025-07-25 22:04:51.027,2025-07-25,22:04:51,Friday,Loss,Khazix,JUNGLE
EUW1_7472592925,2025-07-25 21:32:09.637,2025-07-25,21:32:09,Friday,Win,Khazix,JUNGLE
EUW1_7472552371,2025-07-25 21:00:34.761,2025-07-25,21:00:34,Friday,Loss,Khazix,JUNGLE
EUW1_7472544746,2025-07-25 20:51:19.496,2025-07-25,20:51:19,Friday,Win,Khazix,JUNGLE
EUW1_7472503992,2025-07-25 20:13:25.083,2025-07-25,20:13:25,Friday,Win,Khazix,JUNGLE
EUW1_7472474664,2025-07-25 19:41:20.217,2025-07-25,19:41:20,Friday,Loss,Khazix,JUNGLE
EUW1_7472431952,2025-07-25 18:57:22.589,2025-07-25,18:57:22,Friday,Loss,Khazix,JUNGLE
EUW1_7472392449,2025-07-25 18:22:13.614,2025-07-25,18:22:13,Friday,Loss,Khazix,JUNGLE
EUW1_7472362230,2025-07-25 17:48:35.474,2025-07-25,17:48:35,Friday,Loss,Khazix,JUNGLE
EUW1_7472326056,2025-07-25 17:10:11.483,2025-07-25,17:10:11,Friday,Loss,Khazix,JUNGLE
EUW1_7472108886,2025-07-25 12:15:25.532,2025-07-25,12:15:25,Friday,Win,Khazix,JUNGLE
EUW1_7472100593,2025-07-25 11:51:43.949,2025-07-25,11:51:43,Friday,Loss,Khazix,JUNGLE
EUW1_7472076870,2025-07-25 11:13:35.343,2025-07-25,11:13:35,Friday,Win,Khazix,JUNGLE
EUW1_7472064271,2025-07-25 10:53:18.966,2025-07-25,10:53:18,Friday,Loss,Khazix,JUNGLE
EUW1_7472053303,2025-07-25 10:19:15.710,2025-07-25,10:19:15,Friday,Win,Khazix,JUNGLE
EUW1_7472041631,2025-07-25 09:22:16.762,2025-07-25,09:22:16,Friday,Win,Khazix,JUNGLE
EUW1_7472024357,2025-07-25 08:35:52.648,2025-07-25,08:35:52,Friday,Loss,Khazix,JUNGLE
EUW1_7472022885,2025-07-25 07:52:06.314,2025-07-25,07:52:06,Friday,Win,Khazix,JUNGLE
EUW1_7471582809,2025-07-24 20:16:13.898,2025-07-24,20:16:13,Thursday,Win,Khazix,JUNGLE
EUW1_7471544837,2025-07-24 19:40:52.578,2025-07-24,19:40:52,Thursday,Win,Khazix,JUNGLE
EUW1_7471510048,2025-07-24 19:07:44.561,2025-07-24,19:07:44,Thursday,Loss,Khazix,JUNGLE
EUW1_7471480890,2025-07-24 18:38:24.599,2025-07-24,18:38:24,Thursday,Loss,Khazix,JUNGLE
EUW1_7471438402,2025-07-24 18:01:21.346,2025-07-24,18:01:21,Thursday,Win,Jinx,BOTTOM
EUW1_7471417701,2025-07-24 17:32:39.413,2025-07-24,17:32:39,Thursday,Loss,Tristana,BOTTOM
EUW1_7471378580,2025-07-24 16:49:29.225,2025-07-24,16:49:29,Thursday,Win,Khazix,JUNGLE
EUW1_7471334236,2025-07-24 16:06:48.396,2025-07-24,16:06:48,Thursday,Loss,Khazix,JUNGLE
EUW1_7471306524,2025-07-24 15:24:29.842,2025-07-24,15:24:29,Thursday,Loss,Khazix,JUNGLE
EUW1_7471266304,2025-07-24 14:39:59.406,2025-07-24,14:39:59,Thursday,Win,Khazix,JUNGLE
EUW1_7471248695,2025-07-24 14:04:02.655,2025-07-24,14:04:02,Thursday,Win,Khazix,JUNGLE
EUW1_7471241841,2025-07-24 13:56:47.208,2025-07-24,13:56:47,Thursday,Win,Khazix,JUNGLE
EUW1_7471231274,2025-07-24 13:47:08.287,2025-07-24,13:47:08,Thursday,Win,Khazix,JUNGLE
EUW1_7470463169,2025-07-23 17:27:30.382,2025-07-23,17:27:30,Wednesday,Win,Nami,UTILITY
EUW1_7469169094,2025-07-22 10:14:27.535,2025-07-22,10:14:27,Tuesday,Loss,Nami,UTILITY
EUW1_7469153983,2025-07-22 09:33:25.740,2025-07-22,09:33:25,Tuesday,Win,Jax,JUNGLE
EUW1_7469149795,2025-07-22 08:58:26.899,2025-07-22,08:58:26,Tuesday,Loss,Khazix,JUNGLE
EUW1_7469138349,2025-07-22 08:24:45.112,2025-07-22,08:24:45,Tuesday,Loss,Khazix,JUNGLE
EUW1_7468461113,2025-07-21 17:33:41.280,2025-07-21,17:33:41,Monday,Win,Khazix,JUNGLE
EUW1_7468413048,2025-07-21 16:49:17.475,2025-07-21,16:49:17,Monday,Win,Khazix,JUNGLE
EUW1_7468374448,2025-07-21 16:11:50.366,2025-07-21,16:11:50,Monday,Loss,Khazix,JUNGLE
EUW1_7468352976,2025-07-21 15:44:29.271,2025-07-21,15:44:29,Monday,Loss,Janna,UTILITY
EUW1_7468320008,2025-07-21 15:01:57.625,2025-07-21,15:01:57,Monday,Win,Khazix,JUNGLE
EUW1_7468289347,2025-07-21 14:23:33.543,2025-07-21,14:23:33,Monday,Win,Khazix,JUNGLE
EUW1_7467723289,2025-07-20 21:09:42.747,2025-07-20,21:09:42,Sunday,Win,Khazix,JUNGLE
EUW1_7467671984,2025-07-20 20:31:42.732,2025-07-20,20:31:42,Sunday,Loss,Janna,UTILITY
EUW1_7467626821,2025-07-20 19:56:11.961,2025-07-20,19:56:11,Sunday,Win,Janna,UTILITY
EUW1_7467551779,2025-07-20 18:59:28.760,2025-07-20,18:59:28,Sunday,Loss,Syndra,MIDDLE
EUW1_7467495917,2025-07-20 18:15:01.517,2025-07-20,18:15:01,Sunday,Loss,Janna,UTILITY
EUW1_7467434298,2025-07-20 17:28:53.990,2025-07-20,17:28:53,Sunday,Win,Janna,UTILITY
EUW1_7467377253,2025-07-20 16:41:07.075,2025-07-20,16:41:07,Sunday,Win,Janna,UTILITY
EUW1_7467327404,2025-07-20 16:00:31.004,2025-07-20,16:00:31,Sunday,Win,Janna,UTILITY
EUW1_7467293400,2025-07-20 15:31:10.384,2025-07-20,15:31:10,Sunday,Win,Janna,UTILITY
EUW1_7467247715,2025-07-20 14:40:58.765,2025-07-20,14:40:58,Sunday,Loss,Khazix,JUNGLE
EUW1_7467215069,2025-07-20 14:11:10.530,2025-07-20,14:11:10,Sunday,Win,Khazix,JUNGLE
EUW1_7467177220,2025-07-20 13:31:08.376,2025-07-20,13:31:08,Sunday,Loss,Khazix,JUNGLE
EUW1_7467110612,2025-07-20 11:59:52.949,2025-07-20,11:59:52,Sunday,Win,JarvanIV,JUNGLE
EUW1_7467085549,2025-07-20 11:20:08.535,2025-07-20,11:20:08,Sunday,Win,Vi,JUNGLE
EUW1_7467061052,2025-07-20 10:44:18.329,2025-07-20,10:44:18,Sunday,Loss,Khazix,JUNGLE
EUW1_7466365278,2025-07-19 17:28:57.857,2025-07-19,17:28:57,Saturday,Win,Khazix,JUNGLE
EUW1_7466324856,2025-07-19 16:46:18.273,2025-07-19,16:46:18,Saturday,Win,Khazix,JUNGLE
EUW1_7466280287,2025-07-19 16:06:20.792,2025-07-19,16:06:20,Saturday,Win,Khazix,JUNGLE
EUW1_7466256138,2025-07-19 15:39:53.983,2025-07-19,15:39:53,Saturday,Loss,Khazix,JUNGLE
EUW1_7466183523,2025-07-19 14:17:18.504,2025-07-19,14:17:18,Saturday,Loss,Khazix,JUNGLE
EUW1_7466144436,2025-07-19 13:40:49.304,2025-07-19,13:40:49,Saturday,Loss,Khazix,JUNGLE
EUW1_7466146574,2025-07-19 13:31:02.533,2025-07-19,13:31:02,Saturday,Loss,Khazix,JUNGLE
EUW1_7466114535,2025-07-19 12:50:25.438,2025-07-19,12:50:25,Saturday,Win,Kaisa,BOTTOM
EUW1_7466082447,2025-07-19 12:12:59.026,2025-07-19,12:12:59,Saturday,Win,Khazix,JUNGLE
EUW1_7466060160,2025-07-19 11:32:56.170,2025-07-19,11:32:56,Saturday,Loss,Khazix,JUNGLE
EUW1_7466039444,2025-07-19 11:00:42.458,2025-07-19,11:00:42,Saturday,Win,Khazix,JUNGLE
EUW1_7466027714,2025-07-19 10:24:49.014,2025-07-19,10:24:49,Saturday,Win,Vi,JUNGLE
EUW1_7466007238,2025-07-19 09:43:51.807,2025-07-19,09:43:51,Saturday,Win,Khazix,JUNGLE
EUW1_7466009764,2025-07-19 09:29:49.444,2025-07-19,09:29:49,Saturday,Win,Khazix,JUNGLE
EUW1_7465650031,2025-07-18 22:21:53.706,2025-07-18,22:21:53,Friday,Loss,Khazix,JUNGLE
EUW1_7465589638,2025-07-18 21:33:36.604,2025-07-18,21:33:36,Friday,Win,Khazix,JUNGLE
EUW1_7465560667,2025-07-18 21:10:05.565,2025-07-18,21:10:05,Friday,Win,Khazix,JUNGLE
EUW1_7465517852,2025-07-18 20:36:38.595,2025-07-18,20:36:38,Friday,Loss,Janna,UTILITY
EUW1_7465455752,2025-07-18 19:36:14.285,2025-07-18,19:36:14,Friday,Loss,Khazix,JUNGLE
EUW1_7465421915,2025-07-18 19:03:11.013,2025-07-18,19:03:11,Friday,Loss,Janna,UTILITY
EUW1_7465324373,2025-07-18 17:31:51.914,2025-07-18,17:31:51,Friday,Win,Janna,UTILITY
EUW1_6851693797,2024-03-11 08:39:41.648,2024-03-11,08:39:41,Monday,Loss,Jinx,BOTTOM
EUW1_6846075162,2024-03-07 10:13:10.135,2024-03-07,10:13:10,Thursday,Win,Vi,JUNGLE
EUW1_6846055897,2024-03-07 09:32:25.920,2024-03-07,09:32:25,Thursday,Win,MasterYi,JUNGLE
EUW1_6846031301,2024-03-07 08:38:07.897,2024-03-07,08:38:07,Thursday,Win,Jinx,BOTTOM
EUW1_6842794422,2024-03-04 18:13:52.135,2024-03-04,18:13:52,Monday,Loss,Khazix,JUNGLE
EUW1_6842413502,2024-03-04 11:47:07.678,2024-03-04,11:47:07,Monday,Loss,Khazix,JUNGLE
EUW1_6842383863,2024-03-04 11:09:25.077,2024-03-04,11:09:25,Monday,Win,Khazix,JUNGLE
EUW1_6842352257,2024-03-04 10:23:50.782,2024-03-04,10:23:50,Monday,Loss,Kaisa,BOTTOM
EUW1_6842339940,2024-03-04 09:50:03.115,2024-03-04,09:50:03,Monday,Loss,Kaisa,BOTTOM
EUW1_6840852709,2024-03-03 09:59:04.526,2024-03-03,09:59:04,Sunday,Loss,Jax,JUNGLE
EUW1_6840831667,2024-03-03 09:16:48.433,2024-03-03,09:16:48,Sunday,Loss,Kaisa,BOTTOM
EUW1_6839818872,2024-03-02 16:45:57.305,2024-03-02,16:45:57,Saturday,Loss,Janna,UTILITY
EUW1_6839760411,2024-03-02 16:08:31.498,2024-03-02,16:08:31,Saturday,Loss,Janna,UTILITY
EUW1_6839677190,2024-03-02 15:08:08.827,2024-03-02,15:08:08,Saturday,Loss,Kaisa,BOTTOM
EUW1_6839387017,2024-03-02 10:34:40.148,2024-03-02,10:34:40,Saturday,Loss,Kaisa,BOTTOM
EUW1_6838771376,2024-03-01 21:43:05.390,2024-03-01,21:43:05,Friday,Loss,Kaisa,BOTTOM
EUW1_6838694882,2024-03-01 20:51:40.904,2024-03-01,20:51:40,Friday,Loss,Kaisa,BOTTOM
EUW1_6838049028,2024-03-01 12:36:00.676,2024-03-01,12:36:00,Friday,Loss,Kaisa,BOTTOM
EUW1_6838029308,2024-03-01 12:12:33.313,2024-03-01,12:12:33,Friday,Loss,Kaisa,BOTTOM
EUW1_6838028687,2024-03-01 12:01:32.722,2024-03-01,12:01:32,Friday,Loss,Kaisa,BOTTOM
EUW1_6837280426,2024-02-29 20:22:50.391,2024-02-29,20:22:50,Thursday,Win,Kaisa,BOTTOM
EUW1_6837242844,2024-02-29 19:53:42.894,2024-02-29,19:53:42,Thursday,Win,Kaisa,BOTTOM
EUW1_6837176786,2024-02-29 19:12:10.562,2024-02-29,19:12:10,Thursday,Win,Twitch,BOTTOM
EUW1_6837068341,2024-02-29 18:05:36.888,2024-02-29,18:05:36,Thursday,Win,Kaisa,BOTTOM
EUW1_6837035899,2024-02-29 17:37:03.417,2024-02-29,17:37:03,Thursday,Loss,Kaisa,BOTTOM
EUW1_6837019375,2024-02-29 17:27:02.749,2024-02-29,17:27:02,Thursday,Win,Kaisa,BOTTOM
EUW1_6836978382,2024-02-29 16:56:19.723,2024-02-29,16:56:19,Thursday,Win,Kaisa,BOTTOM
EUW1_6836864637,2024-02-29 15:05:02.049,2024-02-29,15:05:02,Thursday,Loss,Kaisa,MIDDLE
EUW1_6836817877,2024-02-29 14:21:48.325,2024-02-29,14:21:48,Thursday,Win,Kaisa,BOTTOM
EUW1_6836781314,2024-02-29 13:45:53.135,2024-02-29,13:45:53,Thursday,Win,Kaisa,MIDDLE
EUW1_6836745261,2024-02-29 13:04:11.665,2024-02-29,13:04:11,Thursday,Loss,Kaisa,BOTTOM
EUW1_6836653504,2024-02-29 10:32:10.404,2024-02-29,10:32:10,Thursday,Loss,Kaisa,BOTTOM
EUW1_6836631047,2024-02-29 10:00:20.609,2024-02-29,10:00:20,Thursday,Loss,Janna,UTILITY
EUW1_6836623485,2024-02-29 09:27:44.265,2024-02-29,09:27:44,Thursday,Win,Janna,UTILITY
EUW1_6835794654,2024-02-28 18:08:49.907,2024-02-28,18:08:49,Wednesday,Win,Janna,UTILITY
EUW1_6835734620,2024-02-28 17:26:51.366,2024-02-28,17:26:51,Wednesday,Loss,Janna,UTILITY
EUW1_6835688672,2024-02-28 16:50:33.008,2024-02-28,16:50:33,Wednesday,Win,Janna,UTILITY
EUW1_6835643007,2024-02-28 16:15:01.422,2024-02-28,16:15:01,Wednesday,Win,Janna,UTILITY
EUW1_6835610795,2024-02-28 15:44:53.123,2024-02-28,15:44:53,Wednesday,Loss,Janna,UTILITY
EUW1_6835416177,2024-02-28 12:10:44.048,2024-02-28,12:10:44,Wednesday,Loss,Janna,UTILITY
EUW1_6835387414,2024-02-28 11:34:48.918,2024-02-28,11:34:48,Wednesday,Loss,Kaisa,BOTTOM
EUW1_6835362182,2024-02-28 10:43:49.979,2024-02-28,10:43:49,Wednesday,Loss,Kaisa,BOTTOM
EUW1_6835345798,2024-02-28 10:02:16.371,2024-02-28,10:02:16,Wednesday,Win,Kaisa,BOTTOM
EUW1_6835315067,2024-02-28 08:27:36.930,2024-02-28,08:27:36,Wednesday,Win,Kaisa,BOTTOM
EUW1_6835307237,2024-02-28 07:55:38.671,2024-02-28,07:55:38,Wednesday,Win,Kaisa,BOTTOM
EUW1_6834098145,2024-02-27 14:43:36.031,2024-02-27,14:43:36,Tuesday,Loss,Kaisa,BOTTOM
EUW1_6834061250,2024-02-27 14:08:26.272,2024-02-27,14:08:26,Tuesday,Win,Kaisa,BOTTOM
EUW1_6834028368,2024-02-27 13:31:52.282,2024-02-27,13:31:52,Tuesday,Win,Kaisa,BOTTOM
EUW1_6834024762,2024-02-27 13:19:25.987,2024-02-27,13:19:25,Tuesday,Loss,Kaisa,BOTTOM
EUW1_6833983333,2024-02-27 12:38:02.000,2024-02-27,12:38:02,Tuesday,Win,Kaisa,BOTTOM
EUW1_6833966818,2024-02-27 12:06:27.339,2024-02-27,12:06:27,Tuesday,Loss,Kaisa,BOTTOM
EUW1_6833879223,2024-02-27 09:55:30.429,2024-02-27,09:55:30,Tuesday,Loss,Kaisa,BOTTOM
EUW1_6833878589,2024-02-27 09:36:21.357,2024-02-27,09:36:21,Tuesday,Loss,Kaisa,BOTTOM
EUW1_6833862623,2024-02-27 09:01:05.355,2024-02-27,09:01:05,Tuesday,Loss,Kaisa,BOTTOM
EUW1_6833842342,2024-02-27 08:25:49.130,2024-02-27,08:25:49,Tuesday,Loss,Kaisa,BOTTOM
EUW1_6833830196,2024-02-27 07:37:27.616,2024-02-27,07:37:27,Tuesday,Win,Kaisa,BOTTOM
EUW1_6833278062,2024-02-26 20:54:20.941,2024-02-26,20:54:20,Monday,Loss,Janna,UTILITY
EUW1_6833246485,2024-02-26 20:35:06.349,2024-02-26,20:35:06,Monday,Loss,Janna,UTILITY
EUW1_6833167472,2024-02-26 19:50:18.438,2024-02-26,19:50:18,Monday,Loss,Kaisa,BOTTOM
EUW1_6833084729,2024-02-26 19:02:35.352,2024-02-26,19:02:35,Monday,Loss,Kaisa,BOTTOM
EUW1_6833027629,2024-02-26 18:26:16.792,2024-02-26,18:26:16,Monday,Loss,Kaisa,BOTTOM
EUW1_6832923783,2024-02-26 17:15:13.960,2024-02-26,17:15:13,Monday,Win,Kaisa,BOTTOM
EUW1_6832887600,2024-02-26 16:46:44.474,2024-02-26,16:46:44,Monday,Loss,Kaisa,BOTTOM
EUW1_6832846694,2024-02-26 16:14:35.814,2024-02-26,16:14:35,Monday,Loss,Kaisa,BOTTOM
EUW1_6832825953,2024-02-26 16:00:11.390,2024-02-26,16:00:11,Monday,Win,Kaisa,BOTTOM
EUW1_6832789486,2024-02-26 15:21:56.498,2024-02-26,15:21:56,Monday,Win,Kaisa,BOTTOM
EUW1_6832759740,2024-02-26 14:57:29.149,2024-02-26,14:57:29,Monday,Win,Kaisa,BOTTOM
EUW1_6832727484,2024-02-26 14:21:06.177,2024-02-26,14:21:06,Monday,Loss,Kaisa,BOTTOM
EUW1_6832677107,2024-02-26 13:34:27.550,2024-02-26,13:34:27,Monday,Win,Kaisa,BOTTOM
EUW1_6832650105,2024-02-26 13:00:50.375,2024-02-26,13:00:50,Monday,Win,Kaisa,BOTTOM
EUW1_6832615983,2024-02-26 12:16:24.665,2024-02-26,12:16:24,Monday,Win,Kaisa,BOTTOM
EUW1_6832597898,2024-02-26 11:47:25.627,2024-02-26,11:47:25,Monday,Win,Kaisa,BOTTOM
EUW1_6832578386,2024-02-26 11:29:39.367,2024-02-26,11:29:39,Monday,Loss,Kaisa,BOTTOM
EUW1_6832565646,2024-02-26 10:53:03.004,2024-02-26,10:53:03,Monday,Win,Kaisa,BOTTOM
EUW1_6832551709,2024-02-26 10:29:32.747,2024-02-26,10:29:32,Monday,Win,Kaisa,BOTTOM
EUW1_6832531621,2024-02-26 09:47:03.049,2024-02-26,09:47:03,Monday,Win,Kaisa,BOTTOM
EUW1_6832519620,2024-02-26 09:17:55.141,2024-02-26,09:17:55,Monday,Win,Kaisa,BOTTOM
EUW1_6832497391,2024-02-26 08:36:51.921,2024-02-26,08:36:51,Monday,Win,Kaisa,BOTTOM
EUW1_6832485297,2024-02-26 07:55:36.494,2024-02-26,07:55:36,Monday,Loss,Kaisa,BOTTOM
EUW1_6831996854,2024-02-25 21:23:18.658,2024-02-25,21:23:18,Sunday,Win,Kaisa,BOTTOM
EUW1_6831609700,2024-02-25 18:00:17.574,2024-02-25,18:00:17,Sunday,Loss,MasterYi,JUNGLE
EUW1_6831563418,2024-02-25 17:39:37.407,2024-02-25,17:39:37,Sunday,Loss,Twitch,BOTTOM
EUW1_6831484240,2024-02-25 16:54:21.167,2024-02-25,16:54:21,Sunday,Loss,Kaisa,BOTTOM
EUW1_6831144263,2024-02-25 13:07:09.448,2024-02-25,13:07:09,Sunday,Loss,Kaisa,BOTTOM
EUW1_6831114722,2024-02-25 12:36:02.199,2024-02-25,12:36:02,Sunday,Loss,Kaisa,BOTTOM
EUW1_6831064692,2024-02-25 11:45:15.278,2024-02-25,11:45:15,Sunday,Win,Kaisa,BOTTOM
EUW1_6830410738,2024-02-24 21:45:27.455,2024-02-24,21:45:27,Saturday,Win,Kaisa,BOTTOM
EUW1_6830395815,2024-02-24 21:38:54.485,2024-02-24,21:38:54,Saturday,Win,Kaisa,BOTTOM
EUW1_6830333136,2024-02-24 21:06:23.702,2024-02-24,21:06:23,Saturday,Loss,Kaisa,BOTTOM
EUW1_6830280162,2024-02-24 20:34:22.070,2024-02-24,20:34:22,Saturday,Win,Kaisa,BOTTOM
EUW1_6830214573,2024-02-24 19:47:33.724,2024-02-24,19:47:33,Saturday,Loss,Kaisa,BOTTOM
EUW1_6829661804,2024-02-24 13:48:27.536,2024-02-24,13:48:27,Saturday,Loss,Zac,JUNGLE
EUW1_6829611029,2024-02-24 13:06:41.712,2024-02-24,13:06:41,Saturday,Loss,Khazix,JUNGLE
EUW1_6829563014,2024-02-24 12:26:40.359,2024-02-24,12:26:40,Saturday,Loss,Blitzcrank,UTILITY
EUW1_6829521314,2024-02-24 11:50:04.991,2024-02-24,11:50:04,Saturday,Loss,Blitzcrank,UTILITY
EUW1_6828338536,2024-02-23 16:18:03.330,2024-02-23,16:18:03,Friday,Win,Blitzcrank,UTILITY
EUW1_6828281792,2024-02-23 15:37:37.553,2024-02-23,15:37:37,Friday,Win,Blitzcrank,UTILITY
EUW1_6828230413,2024-02-23 15:05:37.022,2024-02-23,15:05:37,Friday,Win,Blitzcrank,UTILITY
EUW1_6828189129,2024-02-23 14:28:38.781,2024-02-23,14:28:38,Friday,Loss,Janna,UTILITY
EUW1_6828156626,2024-02-23 13:49:47.516,2024-02-23,13:49:47,Friday,Win,Jinx,BOTTOM
EUW1_6827983399,2024-02-23 10:54:08.938,2024-02-23,10:54:08,Friday,Win,Vi,JUNGLE
EUW1_6827970717,2024-02-23 10:20:28.049,2024-02-23,10:20:28,Friday,Loss,MasterYi,JUNGLE
EUW1_6827949919,2024-02-23 09:53:38.070,2024-02-23,09:53:38,Friday,Loss,MasterYi,JUNGLE
EUW1_6827943628,2024-02-23 09:32:05.190,2024-02-23,09:32:05,Friday,Loss,Jinx,BOTTOM
EUW1_6827916051,2024-02-23 08:48:38.361,2024-02-23,08:48:38,Friday,Win,Jinx,BOTTOM
EUW1_6827898685,2024-02-23 08:00:39.602,2024-02-23,08:00:39,Friday,Loss,Kaisa,BOTTOM
EUW1_6827892563,2024-02-23 07:37:43.878,2024-02-23,07:37:43,Friday,Loss,Kaisa,BOTTOM
EUW1_6827879860,2024-02-23 07:08:58.360,2024-02-23,07:08:58,Friday,Win,Janna,UTILITY
EUW1_6826576934,2024-02-22 11:57:37.625,2024-02-22,11:57:37,Thursday,Loss,Janna,UTILITY
EUW1_6826555094,2024-02-22 11:25:06.275,2024-02-22,11:25:06,Thursday,Win,Janna,UTILITY
EUW1_6826531032,2024-02-22 10:45:51.801,2024-02-22,10:45:51,Thursday,Loss,Janna,UTILITY
EUW1_6826519764,2024-02-22 10:16:30.115,2024-02-22,10:16:30,Thursday,Win,Janna,UTILITY
EUW1_6826487303,2024-02-22 09:28:52.616,2024-02-22,09:28:52,Thursday,Win,Janna,UTILITY
EUW1_6825787409,2024-02-21 19:18:55.413,2024-02-21,19:18:55,Wednesday,Loss,Janna,UTILITY
EUW1_6825757547,2024-02-21 18:53:11.069,2024-02-21,18:53:11,Wednesday,Win,Janna,UTILITY
EUW1_6825689205,2024-02-21 18:15:06.455,2024-02-21,18:15:06,Wednesday,Win,Janna,UTILITY
EUW1_6824069698,2024-02-20 14:54:13.733,2024-02-20,14:54:13,Tuesday,Loss,Jax,JUNGLE
EUW1_6824035099,2024-02-20 14:24:10.429,2024-02-20,14:24:10,Tuesday,Win,Jinx,BOTTOM
EUW1_6823987289,2024-02-20 13:36:31.475,2024-02-20,13:36:31,Tuesday,Loss,Janna,UTILITY
EUW1_6823945141,2024-02-20 12:44:56.023,2024-02-20,12:44:56,Tuesday,Win,Janna,UTILITY
EUW1_6823843917,2024-02-20 10:10:05.972,2024-02-20,10:10:05,Tuesday,Loss,Janna,UTILITY
EUW1_6822869063,2024-02-19 17:49:31.540,2024-02-19,17:49:31,Monday,Loss,Vi,JUNGLE
EUW1_6822822404,2024-02-19 17:21:29.194,2024-02-19,17:21:29,Monday,Loss,Janna,UTILITY
EUW1_6822773229,2024-02-19 16:42:58.367,2024-02-19,16:42:58,Monday,Loss,Jinx,BOTTOM
EUW1_6822719082,2024-02-19 15:59:44.033,2024-02-19,15:59:44,Monday,Loss,Jinx,BOTTOM
EUW1_6822693177,2024-02-19 15:37:24.334,2024-02-19,15:37:24,Monday,Loss,Kaisa,BOTTOM
EUW1_6822488251,2024-02-19 12:03:45.656,2024-02-19,12:03:45,Monday,Loss,Jhin,BOTTOM
EUW1_6822463497,2024-02-19 11:16:58.324,2024-02-19,11:16:58,Monday,Win,Amumu,JUNGLE
EUW1_6822438388,2024-02-19 10:56:29.143,2024-02-19,10:56:29,Monday,Loss,Janna,UTILITY
EUW1_6822425222,2024-02-19 10:31:34.581,2024-02-19,10:31:34,Monday,Loss,Kaisa,BOTTOM
EUW1_6822411771,2024-02-19 09:52:06.276,2024-02-19,09:52:06,Monday,Loss,Janna,UTILITY
EUW1_6822394768,2024-02-19 09:15:19.911,2024-02-19,09:15:19,Monday,Win,Kaisa,BOTTOM
EUW1_6822383923,2024-02-19 08:48:19.606,2024-02-19,08:48:19,Monday,Win,Kaisa,BOTTOM
EUW1_6822368849,2024-02-19 08:00:47.727,2024-02-19,08:00:47,Monday,Win,Janna,UTILITY
EUW1_6807978351,2024-02-09 23:29:44.786,2024-02-09,23:29:44,Friday,Loss,Kaisa,BOTTOM
EUW1_6807895222,2024-02-09 22:51:14.256,2024-02-09,22:51:14,Friday,Loss,Kaisa,BOTTOM
EUW1_6807815184,2024-02-09 22:15:37.388,2024-02-09,22:15:37,Friday,Win,Kaisa,BOTTOM
EUW1_6807728552,2024-02-09 21:30:13.428,2024-02-09,21:30:13,Friday,Win,Kaisa,BOTTOM
EUW1_6807639767,2024-02-09 20:48:54.649,2024-02-09,20:48:54,Friday,Win,Kaisa,BOTTOM
EUW1_6807554227,2024-02-09 20:07:32.315,2024-02-09,20:07:32,Friday,Loss,Vi,JUNGLE
EUW1_6806876554,2024-02-09 12:19:16.714,2024-02-09,12:19:16,Friday,Loss,Kaisa,BOTTOM
EUW1_6806825316,2024-02-09 11:31:23.633,2024-02-09,11:31:23,Friday,Win,Kaisa,BOTTOM
EUW1_6806813260,2024-02-09 11:12:51.841,2024-02-09,11:12:51,Friday,Win,Kaisa,BOTTOM
EUW1_6806807049,2024-02-09 10:59:21.217,2024-02-09,10:59:21,Friday,Win,Kaisa,BOTTOM
EUW1_6806783434,2024-02-09 10:34:57.536,2024-02-09,10:34:57,Friday,Loss,Kaisa,BOTTOM
EUW1_6806770533,2024-02-09 09:57:29.209,2024-02-09,09:57:29,Friday,Win,Kaisa,BOTTOM
EUW1_6806738100,2024-02-09 09:15:16.588,2024-02-09,09:15:16,Friday,Win,Kaisa,BOTTOM
EUW1_6806726745,2024-02-09 08:45:29.793,2024-02-09,08:45:29,Friday,Loss,Nami,UTILITY
EUW1_6806717769,2024-02-09 08:24:46.392,2024-02-09,08:24:46,Friday,Loss,Janna,UTILITY
EUW1_6806169911,2024-02-08 22:01:08.280,2024-02-08,22:01:08,Thursday,Loss,Vi,JUNGLE
EUW1_6806095906,2024-02-08 21:28:40.735,2024-02-08,21:28:40,Thursday,Loss,Leona,UTILITY
EUW1_6806031486,2024-02-08 20:58:04.843,2024-02-08,20:58:04,Thursday,Win,Janna,UTILITY
EUW1_6805832211,2024-02-08 19:29:51.981,2024-02-08,19:29:51,Thursday,Win,Vi,JUNGLE
EUW1_6805765160,2024-02-08 18:55:50.782,2024-02-08,18:55:50,Thursday,Loss,Kaisa,BOTTOM
EUW1_6805685132,2024-02-08 18:14:39.411,2024-02-08,18:14:39,Thursday,Win,Kaisa,BOTTOM
EUW1_6805569792,2024-02-08 17:02:46.266,2024-02-08,17:02:46,Thursday,Win,Jhin,BOTTOM
EUW1_6805501159,2024-02-08 16:17:26.218,2024-02-08,16:17:26,Thursday,Win,Kaisa,BOTTOM
EUW1_6805448413,2024-02-08 15:38:54.800,2024-02-08,15:38:54,Thursday,Win,Jinx,BOTTOM
EUW1_6805406209,2024-02-08 15:01:32.582,2024-02-08,15:01:32,Thursday,Win,Lucian,BOTTOM
EUW1_6805362416,2024-02-08 14:27:13.357,2024-02-08,14:27:13,Thursday,Loss,Janna,UTILITY
EUW1_6805323774,2024-02-08 13:41:37.784,2024-02-08,13:41:37,Thursday,Loss,Janna,UTILITY
EUW1_6805276433,2024-02-08 13:03:24.914,2024-02-08,13:03:24,Thursday,Win,Janna,UTILITY
EUW1_6805272030,2024-02-08 12:55:20.135,2024-02-08,12:55:20,Thursday,Loss,Janna,UTILITY
EUW1_6805180340,2024-02-08 11:00:34.034,2024-02-08,11:00:34,Thursday,Loss,Janna,UTILITY
EUW1_6805160045,2024-02-08 10:28:39.069,2024-02-08,10:28:39,Thursday,Win,Janna,UTILITY
EUW1_6805137453,2024-02-08 09:57:29.602,2024-02-08,09:57:29,Thursday,Win,Janna,UTILITY
EUW1_6805121648,2024-02-08 09:10:01.525,2024-02-08,09:10:01,Thursday,Win,Janna,UTILITY
EUW1_6805101752,2024-02-08 08:39:25.777,2024-02-08,08:39:25,Thursday,Loss,Nami,UTILITY
EUW1_6804268841,2024-02-07 19:29:18.966,2024-02-07,19:29:18,Wednesday,Loss,Janna,UTILITY
EUW1_6803228707,2024-02-06 22:08:19.908,2024-02-06,22:08:19,Tuesday,Loss,Janna,UTILITY
EUW1_6803138150,2024-02-06 21:25:46.272,2024-02-06,21:25:46,Tuesday,Win,Janna,UTILITY
EUW1_6802713124,2024-02-06 17:19:12.708,2024-02-06,17:19:12,Tuesday,Win,Janna,UTILITY
EUW1_6802661352,2024-02-06 16:41:59.317,2024-02-06,16:41:59,Tuesday,Loss,Janna,UTILITY
EUW1_6801074730,2024-02-05 13:26:53.706,2024-02-05,13:26:53,Monday,Win,Janna,UTILITY
EUW1_6801045444,2024-02-05 12:58:01.611,2024-02-05,12:58:01,Monday,Win,Janna,UTILITY
EUW1_6801019386,2024-02-05 12:20:36.987,2024-02-05,12:20:36,Monday,Win,Janna,UTILITY
EUW1_6801001789,2024-02-05 11:39:53.312,2024-02-05,11:39:53,Monday,Win,Janna,UTILITY
EUW1_6800987524,2024-02-05 11:09:50.009,2024-02-05,11:09:50,Monday,Loss,Janna,UTILITY
EUW1_6800955429,2024-02-05 10:30:31.667,2024-02-05,10:30:31,Monday,Loss,Janna,UTILITY
EUW1_6800947677,2024-02-05 09:54:34.989,2024-02-05,09:54:34,Monday,Loss,Janna,UTILITY
EUW1_6800932576,2024-02-05 09:13:38.737,2024-02-05,09:13:38,Monday,Win,Janna,UTILITY
EUW1_6800913039,2024-02-05 08:33:15.029,2024-02-05,08:33:15,Monday,Win,Janna,UTILITY
EUW1_6799834951,2024-02-04 16:17:22.637,2024-02-04,16:17:22,Sunday,Loss,Janna,UTILITY
EUW1_6799774301,2024-02-04 15:43:55.614,2024-02-04,15:43:55,Sunday,Loss,Janna,UTILITY
EUW1_6799622695,2024-02-04 13:59:27.202,2024-02-04,13:59:27,Sunday,Loss,Janna,UTILITY
EUW1_6799572465,2024-02-04 13:21:27.997,2024-02-04,13:21:27,Sunday,Win,Janna,UTILITY
EUW1_6799472612,2024-02-04 12:01:21.240,2024-02-04,12:01:21,Sunday,Win,Janna,UTILITY
EUW1_6799417220,2024-02-04 11:14:11.270,2024-02-04,11:14:11,Sunday,Loss,Janna,UTILITY
EUW1_6798717212,2024-02-03 21:20:50.886,2024-02-03,21:20:50,Saturday,Loss,Janna,UTILITY
EUW1_6798662894,2024-02-03 20:48:54.923,2024-02-03,20:48:54,Saturday,Win,Janna,UTILITY
EUW1_6798429261,2024-02-03 18:24:51.522,2024-02-03,18:24:51,Saturday,Win,Janna,UTILITY
EUW1_6797077057,2024-02-02 21:52:07.972,2024-02-02,21:52:07,Friday,Win,Janna,UTILITY
EUW1_6796306502,2024-02-02 13:33:23.339,2024-02-02,13:33:23,Friday,Win,Janna,UTILITY
EUW1_6796268633,2024-02-02 12:54:43.579,2024-02-02,12:54:43,Friday,Win,Janna,UTILITY
EUW1_6796228923,2024-02-02 12:11:12.504,2024-02-02,12:11:12,Friday,Win,Janna,UTILITY
EUW1_6796202884,2024-02-02 11:37:16.740,2024-02-02,11:37:16,Friday,Win,Janna,UTILITY
EUW1_6796175076,2024-02-02 11:04:12.429,2024-02-02,11:04:12,Friday,Win,Janna,UTILITY
EUW1_6796158857,2024-02-02 10:36:04.354,2024-02-02,10:36:04,Friday,Win,Janna,UTILITY
EUW1_6796140734,2024-02-02 10:04:34.883,2024-02-02,10:04:34,Friday,Win,Janna,UTILITY
EUW1_6794893226,2024-02-01 14:51:08.484,2024-02-01,14:51:08,Thursday,Loss,Leona,UTILITY
EUW1_6794860464,2024-02-01 14:12:40.538,2024-02-01,14:12:40,Thursday,Win,Janna,UTILITY
EUW1_6794798074,2024-02-01 13:17:25.696,2024-02-01,13:17:25,Thursday,Win,Janna,UTILITY
EUW1_6794768876,2024-02-01 12:45:25.024,2024-02-01,12:45:25,Thursday,Win,Janna,UTILITY
EUW1_6794745555,2024-02-01 12:15:56.587,2024-02-01,12:15:56,Thursday,Win,Janna,UTILITY
EUW1_6794635963,2024-02-01 09:55:28.166,2024-02-01,09:55:28,Thursday,Loss,Twitch,BOTTOM
EUW1_6794610415,2024-02-01 09:13:38.260,2024-02-01,09:13:38,Thursday,Loss,Janna,UTILITY
EUW1_6793096974,2024-01-31 08:54:44.564,2024-01-31,08:54:44,Wednesday,Loss,Janna,UTILITY
EUW1_6792294467,2024-01-30 18:36:09.694,2024-01-30,18:36:09,Tuesday,Win,Janna,UTILITY
EUW1_6792240650,2024-01-30 18:04:20.147,2024-01-30,18:04:20,Tuesday,Win,Janna,UTILITY
EUW1_6792195947,2024-01-30 17:35:50.783,2024-01-30,17:35:50,Tuesday,Loss,Janna,UTILITY
EUW1_6792138651,2024-01-30 16:52:56.477,2024-01-30,16:52:56,Tuesday,Loss,Janna,UTILITY
EUW1_6790850345,2024-01-29 18:36:49.521,2024-01-29,18:36:49,Monday,Loss,Janna,UTILITY
EUW1_6790804607,2024-01-29 18:02:35.329,2024-01-29,18:02:35,Monday,Loss,Janna,UTILITY
EUW1_6790752953,2024-01-29 17:28:52.601,2024-01-29,17:28:52,Monday,Win,Janna,UTILITY
EUW1_6790440297,2024-01-29 12:52:32.626,2024-01-29,12:52:32,Monday,Loss,Janna,UTILITY
EUW1_6790419815,2024-01-29 12:19:35.321,2024-01-29,12:19:35,Monday,Loss,Nami,UTILITY
EUW1_6790389399,2024-01-29 11:49:15.048,2024-01-29,11:49:15,Monday,Win,Janna,UTILITY
EUW1_6790360354,2024-01-29 11:08:19.452,2024-01-29,11:08:19,Monday,Win,Janna,UTILITY
EUW1_6790336884,2024-01-29 10:20:44.855,2024-01-29,10:20:44,Monday,Loss,Janna,UTILITY
EUW1_6790315774,2024-01-29 09:37:40.816,2024-01-29,09:37:40,Monday,Loss,Janna,UTILITY
EUW1_6790299899,2024-01-29 09:01:33.302,2024-01-29,09:01:33,Monday,Win,Janna,UTILITY
EUW1_6790280033,2024-01-29 08:13:35.435,2024-01-29,08:13:35,Monday,Loss,Janna,UTILITY
EUW1_6790272897,2024-01-29 07:36:47.859,2024-01-29,07:36:47,Monday,Loss,Jinx,BOTTOM
EUW1_6790259845,2024-01-29 06:52:21.204,2024-01-29,06:52:21,Monday,Loss,Tristana,BOTTOM
EUW1_6789537354,2024-01-28 19:37:41.731,2024-01-28,19:37:41,Sunday,Loss,Janna,UTILITY
EUW1_6789360011,2024-01-28 17:58:02.730,2024-01-28,17:58:02,Sunday,Win,Janna,UTILITY
EUW1_6789303305,2024-01-28 17:28:18.960,2024-01-28,17:28:18,Sunday,Win,Janna,UTILITY
EUW1_6789233034,2024-01-28 16:46:44.164,2024-01-28,16:46:44,Sunday,Loss,Janna,UTILITY
EUW1_6789170969,2024-01-28 16:08:46.620,2024-01-28,16:08:46,Sunday,Win,Janna,UTILITY
EUW1_6788720086,2024-01-28 09:59:57.404,2024-01-28,09:59:57,Sunday,Win,Janna,UTILITY
EUW1_6788698922,2024-01-28 09:06:13.022,2024-01-28,09:06:13,Sunday,Win,Janna,UTILITY
EUW1_6788694475,2024-01-28 08:35:58.591,2024-01-28,08:35:58,Sunday,Loss,Janna,UTILITY
EUW1_6786183983,2024-01-26 18:46:09.096,2024-01-26,18:46:09,Friday,Loss,Janna,UTILITY
EUW1_6785999485,2024-01-26 16:42:26.071,2024-01-26,16:42:26,Friday,Loss,Janna,UTILITY
EUW1_6785919763,2024-01-26 15:51:07.640,2024-01-26,15:51:07,Friday,Win,Janna,UTILITY
EUW1_6785871199,2024-01-26 15:17:49.149,2024-01-26,15:17:49,Friday,Loss,Janna,UTILITY
EUW1_6785821877,2024-01-26 14:36:28.734,2024-01-26,14:36:28,Friday,Loss,Leona,UTILITY
EUW1_6785775251,2024-01-26 13:58:15.401,2024-01-26,13:58:15,Friday,Loss,Janna,UTILITY
EUW1_6785753388,2024-01-26 13:40:50.031,2024-01-26,13:40:50,Friday,Win,Janna,UTILITY
EUW1_6785700695,2024-01-26 12:38:24.126,2024-01-26,12:38:24,Friday,Loss,Lux,UTILITY
EUW1_6785650147,2024-01-26 11:46:56.132,2024-01-26,11:46:56,Friday,Loss,Janna,UTILITY
EUW1_6785606452,2024-01-26 10:59:23.025,2024-01-26,10:59:23,Friday,Win,Nami,UTILITY
EUW1_6785581150,2024-01-26 10:15:45.528,2024-01-26,10:15:45,Friday,Win,Nami,UTILITY
EUW1_6785562348,2024-01-26 09:45:21.639,2024-01-26,09:45:21,Friday,Win,Janna,UTILITY
EUW1_6785551056,2024-01-26 09:13:14.098,2024-01-26,09:13:14,Friday,Win,Nami,UTILITY
EUW1_6785539489,2024-01-26 08:29:06.988,2024-01-26,08:29:06,Friday,Loss,Janna,UTILITY
EUW1_6784924356,2024-01-25 20:57:44.140,2024-01-25,20:57:44,Thursday,Loss,Jinx,BOTTOM
EUW1_6784855585,2024-01-25 20:15:57.685,2024-01-25,20:15:57,Thursday,Loss,Jinx,BOTTOM
EUW1_6784803673,2024-01-25 19:47:54.082,2024-01-25,19:47:54,Thursday,Loss,Janna,UTILITY
EUW1_6784648673,2024-01-25 18:16:02.498,2024-01-25,18:16:02,Thursday,Loss,Janna,UTILITY
EUW1_6784587445,2024-01-25 17:42:49.375,2024-01-25,17:42:49,Thursday,Loss,Nami,UTILITY
EUW1_6784542772,2024-01-25 17:07:03.627,2024-01-25,17:07:03,Thursday,Win,Janna,UTILITY
EUW1_6784484734,2024-01-25 16:23:27.337,2024-01-25,16:23:27,Thursday,Win,Janna,UTILITY
EUW1_6784443468,2024-01-25 15:50:14.669,2024-01-25,15:50:14,Thursday,Win,Janna,UTILITY
EUW1_6784071931,2024-01-25 08:38:46.237,2024-01-25,08:38:46,Thursday,Win,Janna,UTILITY
EUW1_6784056783,2024-01-25 07:54:46.207,2024-01-25,07:54:46,Thursday,Loss,Nami,UTILITY
EUW1_6783290560,2024-01-24 19:26:56.124,2024-01-24,19:26:56,Wednesday,Win,Nami,UTILITY
EUW1_6783094784,2024-01-24 17:29:50.284,2024-01-24,17:29:50,Wednesday,Win,Janna,UTILITY
EUW1_6783042839,2024-01-24 16:53:57.064,2024-01-24,16:53:57,Wednesday,Loss,Nami,UTILITY
EUW1_6782989348,2024-01-24 16:20:39.865,2024-01-24,16:20:39,Wednesday,Win,Janna,UTILITY
EUW1_6782794097,2024-01-24 13:28:02.103,2024-01-24,13:28:02,Wednesday,Win,Nami,UTILITY
EUW1_6782777976,2024-01-24 12:56:17.058,2024-01-24,12:56:17,Wednesday,Win,Janna,UTILITY
EUW1_6782746095,2024-01-24 12:21:08.044,2024-01-24,12:21:08,Wednesday,Win,Nami,UTILITY
EUW1_6782727550,2024-01-24 11:47:38.968,2024-01-24,11:47:38,Wednesday,Win,Janna,UTILITY
EUW1_6782218692,2024-01-23 21:59:47.081,2024-01-23,21:59:47,Tuesday,Loss,Janna,UTILITY
EUW1_6782168626,2024-01-23 21:34:57.352,2024-01-23,21:34:57,Tuesday,Loss,Nami,UTILITY
EUW1_6780639302,2024-01-22 20:25:32.550,2024-01-22,20:25:32,Monday,Loss,Nami,UTILITY
EUW1_6780513573,2024-01-22 19:10:59.068,2024-01-22,19:10:59,Monday,Win,Jinx,BOTTOM
EUW1_6780464838,2024-01-22 18:41:03.098,2024-01-22,18:41:03,Monday,Win,Nami,UTILITY
EUW1_6780391283,2024-01-22 17:59:30.538,2024-01-22,17:59:30,Monday,Loss,Janna,UTILITY
EUW1_6780355792,2024-01-22 17:28:10.131,2024-01-22,17:28:10,Monday,Loss,Nami,UTILITY
EUW1_6780145273,2024-01-22 14:42:47.617,2024-01-22,14:42:47,Monday,Loss,Janna,UTILITY
EUW1_6780114843,2024-01-22 14:08:09.040,2024-01-22,14:08:09,Monday,Win,Jinx,BOTTOM
EUW1_6780069322,2024-01-22 13:29:00.625,2024-01-22,13:29:00,Monday,Loss,Tristana,BOTTOM
EUW1_6780047205,2024-01-22 12:59:21.650,2024-01-22,12:59:21,Monday,Win,Nami,UTILITY
EUW1_6780009233,2024-01-22 12:20:05.689,2024-01-22,12:20:05,Monday,Loss,Janna,UTILITY
EUW1_6779983714,2024-01-22 11:36:02.197,2024-01-22,11:36:02,Monday,Loss,Nami,UTILITY
EUW1_6779948011,2024-01-22 10:49:21.186,2024-01-22,10:49:21,Monday,Win,Janna,UTILITY
EUW1_6779931663,2024-01-22 10:17:10.604,2024-01-22,10:17:10,Monday,Win,Nami,UTILITY
EUW1_6779903431,2024-01-22 09:43:55.446,2024-01-22,09:43:55,Monday,Win,Nami,UTILITY
EUW1_6779894080,2024-01-22 09:10:43.394,2024-01-22,09:10:43,Monday,Win,Nami,UTILITY
EUW1_6779169256,2024-01-21 20:18:46.367,2024-01-21,20:18:46,Sunday,Win,Nami,UTILITY
EUW1_6779086593,2024-01-21 19:29:08.798,2024-01-21,19:29:08,Sunday,Loss,Janna,UTILITY
EUW1_6779020324,2024-01-21 18:55:10.177,2024-01-21,18:55:10,Sunday,Win,Nami,UTILITY
EUW1_6778517460,2024-01-21 13:54:21.316,2024-01-21,13:54:21,Sunday,Win,Janna,UTILITY
EUW1_6778445063,2024-01-21 13:10:39.381,2024-01-21,13:10:39,Sunday,Win,Nami,UTILITY
EUW1_6778395802,2024-01-21 12:27:33.112,2024-01-21,12:27:33,Sunday,Loss,Soraka,UTILITY
EUW1_6778357792,2024-01-21 11:59:26.287,2024-01-21,11:59:26,Sunday,Win,Janna,UTILITY
EUW1_6778282417,2024-01-21 10:49:32.921,2024-01-21,10:49:32,Sunday,Win,Janna,UTILITY
EUW1_6778263587,2024-01-21 10:13:32.866,2024-01-21,10:13:32,Sunday,Win,Janna,UTILITY
EUW1_6778240765,2024-01-21 09:35:58.253,2024-01-21,09:35:58,Sunday,Win,Janna,UTILITY
EUW1_6777795939,2024-01-20 23:38:06.011,2024-01-20,23:38:06,Saturday,Win,Janna,UTILITY
EUW1_6777587478,2024-01-20 21:49:33.949,2024-01-20,21:49:33,Saturday,Win,Soraka,UTILITY
EUW1_6775488362,2024-01-19 17:41:05.492,2024-01-19,17:41:05,Friday,Win,Janna,UTILITY
EUW1_6775273823,2024-01-19 15:16:56.072,2024-01-19,15:16:56,Friday,Loss,Janna,UTILITY
EUW1_6775210016,2024-01-19 14:27:39.454,2024-01-19,14:27:39,Friday,Loss,Janna,UTILITY
EUW1_6775181530,2024-01-19 13:57:13.553,2024-01-19,13:57:13,Friday,Win,Janna,UTILITY
EUW1_6775135733,2024-01-19 13:18:38.935,2024-01-19,13:18:38,Friday,Win,Janna,UTILITY
EUW1_6775097778,2024-01-19 12:41:25.122,2024-01-19,12:41:25,Friday,Win,Janna,UTILITY
EUW1_6773574284,2024-01-18 14:00:54.812,2024-01-18,14:00:54,Thursday,Loss,Kaisa,BOTTOM
EUW1_6773543588,2024-01-18 13:25:41.135,2024-01-18,13:25:41,Thursday,Win,Kaisa,BOTTOM
EUW1_6773490110,2024-01-18 12:40:04.945,2024-01-18,12:40:04,Thursday,Loss,Kaisa,BOTTOM
EUW1_6773387455,2024-01-18 10:46:45.781,2024-01-18,10:46:45,Thursday,Loss,Vi,JUNGLE
EUW1_6773366000,2024-01-18 10:10:23.270,2024-01-18,10:10:23,Thursday,Loss,Janna,UTILITY
EUW1_6773342077,2024-01-18 09:31:53.984,2024-01-18,09:31:53,Thursday,Loss,Janna,UTILITY
EUW1_6773324134,2024-01-18 08:53:58.544,2024-01-18,08:53:58,Thursday,Loss,Janna,UTILITY
EUW1_6773316619,2024-01-18 08:21:43.119,2024-01-18,08:21:43,Thursday,Win,Janna,UTILITY
EUW1_6773296037,2024-01-18 07:39:47.122,2024-01-18,07:39:47,Thursday,Win,Janna,UTILITY
EUW1_6773284972,2024-01-18 07:04:16.823,2024-01-18,07:04:16,Thursday,Loss,Janna,UTILITY
EUW1_6771929666,2024-01-17 13:18:01.149,2024-01-17,13:18:01,Wednesday,Loss,Janna,UTILITY
EUW1_6771829176,2024-01-17 11:19:18.219,2024-01-17,11:19:18,Wednesday,Loss,Tristana,BOTTOM
EUW1_6771808189,2024-01-17 10:44:33.134,2024-01-17,10:44:33,Wednesday,Loss,Janna,UTILITY
EUW1_6771794709,2024-01-17 10:04:40.726,2024-01-17,10:04:40,Wednesday,Win,Janna,UTILITY
EUW1_6771774905,2024-01-17 09:28:04.132,2024-01-17,09:28:04,Wednesday,Loss,Janna,UTILITY
EUW1_6771762110,2024-01-17 09:00:30.417,2024-01-17,09:00:30,Wednesday,Loss,Janna,UTILITY
EUW1_6771307398,2024-01-16 22:22:23.440,2024-01-16,22:22:23,Tuesday,Win,Janna,UTILITY
EUW1_6771260685,2024-01-16 21:54:55.075,2024-01-16,21:54:55,Tuesday,Loss,Janna,UTILITY
EUW1_6771151679,2024-01-16 21:08:21.723,2024-01-16,21:08:21,Tuesday,Win,Janna,UTILITY
EUW1_6770897870,2024-01-16 19:06:46.743,2024-01-16,19:06:46,Tuesday,Win,Janna,UTILITY
EUW1_6770835044,2024-01-16 18:33:10.490,2024-01-16,18:33:10,Tuesday,Win,Janna,UTILITY
EUW1_6770784536,2024-01-16 18:01:58.977,2024-01-16,18:01:58,Tuesday,Loss,Jinx,BOTTOM
EUW1_6770729321,2024-01-16 17:35:26.475,2024-01-16,17:35:26,Tuesday,Loss,Tristana,BOTTOM
EUW1_6769041930,2024-01-15 16:31:28.396,2024-01-15,16:31:28,Monday,Win,Tristana,BOTTOM
EUW1_6768979735,2024-01-15 15:45:34.977,2024-01-15,15:45:34,Monday,Win,Tristana,BOTTOM
EUW1_6768929293,2024-01-15 15:13:11.997,2024-01-15,15:13:11,Monday,Win,Tristana,BOTTOM
EUW1_6768896701,2024-01-15 14:36:57.815,2024-01-15,14:36:57,Monday,Win,Tristana,BOTTOM
EUW1_6768884018,2024-01-15 14:27:41.137,2024-01-15,14:27:41,Monday,Win,Tristana,BOTTOM
EUW1_6768710204,2024-01-15 10:56:01.192,2024-01-15,10:56:01,Monday,Loss,Lucian,BOTTOM
EUW1_6768685904,2024-01-15 10:08:28.906,2024-01-15,10:08:28,Monday,Loss,Twitch,BOTTOM
EUW1_6768657359,2024-01-15 09:23:39.073,2024-01-15,09:23:39,Monday,Loss,Kaisa,BOTTOM
EUW1_6768664612,2024-01-15 09:15:59.026,2024-01-15,09:15:59,Monday,Loss,Kaisa,BOTTOM
EUW1_6767058444,2024-01-14 13:29:59.680,2024-01-14,13:29:59,Sunday,Loss,Tristana,BOTTOM
EUW1_6766817490,2024-01-14 09:29:49.058,2024-01-14,09:29:49,Sunday,Loss,Tristana,BOTTOM
EUW1_6765942128,2024-01-13 20:35:32.493,2024-01-13,20:35:32,Saturday,Win,Kaisa,BOTTOM
EUW1_6763606036,2024-01-12 15:51:20.787,2024-01-12,15:51:20,Friday,Loss,Kaisa,BOTTOM
EUW1_6763555726,2024-01-12 15:15:02.340,2024-01-12,15:15:02,Friday,Win,Kaisa,BOTTOM
EUW1_6763495187,2024-01-12 14:39:10.158,2024-01-12,14:39:10,Friday,Win,Kaisa,BOTTOM
EUW1_6763465548,2024-01-12 14:09:06.792,2024-01-12,14:09:06,Friday,Loss,Kaisa,BOTTOM
EUW1_6763297554,2024-01-12 11:33:53.140,2024-01-12,11:33:53,Friday,Win,Tristana,BOTTOM
EUW1_6763259924,2024-01-12 10:56:14.835,2024-01-12,10:56:14,Friday,Loss,Janna,UTILITY
EUW1_6762311848,2024-01-11 19:48:37.759,2024-01-11,19:48:37,Thursday,Win,Kaisa,BOTTOM
EUW1_6758870514,2024-01-09 17:28:53.058,2024-01-09,17:28:53,Tuesday,Loss,Kaisa,BOTTOM
EUW1_6758823254,2024-01-09 16:56:09.739,2024-01-09,16:56:09,Tuesday,Win,Kaisa,BOTTOM
EUW1_6758803735,2024-01-09 16:29:47.496,2024-01-09,16:29:47,Tuesday,Win,Kaisa,BOTTOM
EUW1_6758768799,2024-01-09 15:57:49.556,2024-01-09,15:57:49,Tuesday,Win,Kaisa,BOTTOM
EUW1_6758735076,2024-01-09 15:25:55.846,2024-01-09,15:25:55,Tuesday,Win,Kaisa,BOTTOM
EUW1_6758689205,2024-01-09 14:35:52.126,2024-01-09,14:35:52,Tuesday,Loss,Kaisa,BOTTOM
EUW1_6757238938,2024-01-08 13:14:28.940,2024-01-08,13:14:28,Monday,Loss,Kaisa,BOTTOM
EUW1_6757213536,2024-01-08 12:31:17.717,2024-01-08,12:31:17,Monday,Win,Kaisa,BOTTOM
EUW1_6757187155,2024-01-08 12:05:20.109,2024-01-08,12:05:20,Monday,Loss,Tristana,BOTTOM
EUW1_6757172095,2024-01-08 11:42:10.396,2024-01-08,11:42:10,Monday,Loss,Tristana,BOTTOM
EUW1_6757152740,2024-01-08 11:06:24.108,2024-01-08,11:06:24,Monday,Win,Tristana,BOTTOM
EUW1_6754635282,2024-01-06 20:10:47.799,2024-01-06,20:10:47,Saturday,Loss,Tristana,BOTTOM
EUW1_6754560789,2024-01-06 19:18:01.785,2024-01-06,19:18:01,Saturday,Win,Tristana,BOTTOM
EUW1_6754503852,2024-01-06 18:43:05.033,2024-01-06,18:43:05,Saturday,Win,Tristana,BOTTOM
EUW1_6754429825,2024-01-06 17:59:32.540,2024-01-06,17:59:32,Saturday,Loss,Kaisa,BOTTOM
EUW1_6752585704,2024-01-05 16:19:49.842,2024-01-05,16:19:49,Friday,Loss,Kaisa,BOTTOM
EUW1_6752525375,2024-01-05 15:43:33.455,2024-01-05,15:43:33,Friday,Win,Kaisa,BOTTOM
EUW1_6752493210,2024-01-05 15:19:52.485,2024-01-05,15:19:52,Friday,Win,Kaisa,BOTTOM
EUW1_6752454765,2024-01-05 14:44:43.454,2024-01-05,14:44:43,Friday,Win,Kaisa,BOTTOM
EUW1_6752374894,2024-01-05 13:38:43.179,2024-01-05,13:38:43,Friday,Win,Kaisa,BOTTOM
EUW1_6752356729,2024-01-05 13:21:20.647,2024-01-05,13:21:20,Friday,Loss,Kaisa,BOTTOM
EUW1_6752229190,2024-01-05 11:01:56.281,2024-01-05,11:01:56,Friday,Win,Kaisa,BOTTOM
EUW1_6751142892,2024-01-04 17:45:55.250,2024-01-04,17:45:55,Thursday,Loss,Kaisa,BOTTOM
EUW1_6751096037,2024-01-04 17:17:03.322,2024-01-04,17:17:03,Thursday,Loss,Kaisa,BOTTOM
EUW1_6751083029,2024-01-04 17:06:55.732,2024-01-04,17:06:55,Thursday,Win,Kaisa,BOTTOM
EUW1_6750861011,2024-01-04 14:17:46.157,2024-01-04,14:17:46,Thursday,Loss,Kaisa,BOTTOM
EUW1_6750813357,2024-01-04 13:38:17.494,2024-01-04,13:38:17,Thursday,Loss,Kaisa,BOTTOM
EUW1_6750775228,2024-01-04 12:57:23.325,2024-01-04,12:57:23,Thursday,Win,Kaisa,BOTTOM
EUW1_6750729438,2024-01-04 12:09:24.275,2024-01-04,12:09:24,Thursday,Loss,Kaisa,BOTTOM
EUW1_6750710094,2024-01-04 11:34:06.505,2024-01-04,11:34:06,Thursday,Loss,Kaisa,BOTTOM
EUW1_6750686679,2024-01-04 10:57:24.284,2024-01-04,10:57:24,Thursday,Loss,Kaisa,BOTTOM
EUW1_6750624174,2024-01-04 09:02:50.908,2024-01-04,09:02:50,Thursday,Win,Kaisa,BOTTOM
EUW1_6750612343,2024-01-04 08:35:12.067,2024-01-04,08:35:12,Thursday,Loss,Kaisa,BOTTOM
EUW1_6749742156,2024-01-03 18:53:13.924,2024-01-03,18:53:13,Wednesday,Win,Kaisa,BOTTOM
EUW1_6749693594,2024-01-03 18:20:53.862,2024-01-03,18:20:53,Wednesday,Win,Kaisa,BOTTOM
EUW1_6749634752,2024-01-03 17:43:52.258,2024-01-03,17:43:52,Wednesday,Loss,Kaisa,BOTTOM
EUW1_6749328916,2024-01-03 13:58:31.225,2024-01-03,13:58:31,Wednesday,Loss,Kaisa,BOTTOM
EUW1_6749298821,2024-01-03 13:25:25.648,2024-01-03,13:25:25,Wednesday,Win,Kaisa,BOTTOM
EUW1_6749255071,2024-01-03 12:45:17.955,2024-01-03,12:45:17,Wednesday,Loss,Kaisa,BOTTOM
EUW1_6749218219,2024-01-03 12:06:07.171,2024-01-03,12:06:07,Wednesday,Loss,Lucian,BOTTOM
EUW1_6749197980,2024-01-03 11:36:56.604,2024-01-03,11:36:56,Wednesday,Loss,Kaisa,BOTTOM
EUW1_6749172206,2024-01-03 11:03:34.598,2024-01-03,11:03:34,Wednesday,Win,Kaisa,BOTTOM
EUW1_6749144302,2024-01-03 10:20:54.627,2024-01-03,10:20:54,Wednesday,Win,Kaisa,BOTTOM
EUW1_6749120447,2024-01-03 09:37:24.338,2024-01-03,09:37:24,Wednesday,Loss,Jinx,BOTTOM
EUW1_6749102295,2024-01-03 08:46:51.372,2024-01-03,08:46:51,Wednesday,Win,Kaisa,BOTTOM
EUW1_6748476113,2024-01-02 21:15:24.699,2024-01-02,21:15:24,Tuesday,Win,Kaisa,BOTTOM
EUW1_6748459911,2024-01-02 21:05:35.214,2024-01-02,21:05:35,Tuesday,Loss,Kaisa,BOTTOM
EUW1_6748299716,2024-01-02 19:35:46.013,2024-01-02,19:35:46,Tuesday,Loss,Kaisa,BOTTOM
EUW1_6748223590,2024-01-02 18:51:53.192,2024-01-02,18:51:53,Tuesday,Loss,Kaisa,BOTTOM
EUW1_6748151199,2024-01-02 18:13:26.647,2024-01-02,18:13:26,Tuesday,Loss,Kaisa,BOTTOM
EUW1_6747724979,2024-01-02 12:48:11.385,2024-01-02,12:48:11,Tuesday,Loss,Kaisa,BOTTOM
EUW1_6747650744,2024-01-02 11:09:55.545,2024-01-02,11:09:55,Tuesday,Loss,Kaisa,BOTTOM
EUW1_6747006763,2024-01-01 21:39:31.856,2024-01-01,21:39:31,Monday,Win,Kaisa,BOTTOM
EUW1_6746913135,2024-01-01 20:53:04.639,2024-01-01,20:53:04,Monday,Loss,Kaisa,BOTTOM
EUW1_6746856699,2024-01-01 20:19:57.300,2024-01-01,20:19:57,Monday,Loss,Kaisa,BOTTOM
EUW1_6745722339,2023-12-31 22:37:03.593,2023-12-31,22:37:03,Sunday,Win,Janna,UTILITY
EUW1_6745695334,2023-12-31 22:06:17.625,2023-12-31,22:06:17,Sunday,Loss,Janna,UTILITY
EUW1_6744266861,2023-12-30 22:09:51.358,2023-12-30,22:09:51,Saturday,Win,Twitch,BOTTOM
EUW1_6744208147,2023-12-30 21:40:19.121,2023-12-30,21:40:19,Saturday,Loss,Tristana,BOTTOM
EUW1_6744164489,2023-12-30 21:10:30.166,2023-12-30,21:10:30,Saturday,Win,Tristana,BOTTOM
EUW1_6744088971,2023-12-30 20:27:46.665,2023-12-30,20:27:46,Saturday,Win,Tristana,BOTTOM
EUW1_6744022137,2023-12-30 19:46:19.704,2023-12-30,19:46:19,Saturday,Loss,Tristana,BOTTOM
EUW1_6743966257,2023-12-30 19:10:32.007,2023-12-30,19:10:32,Saturday,Loss,Tristana,BOTTOM
EUW1_6743900553,2023-12-30 18:21:00.066,2023-12-30,18:21:00,Saturday,Loss,Tristana,BOTTOM
EUW1_6742837767,2023-12-29 23:12:08.989,2023-12-29,23:12:08,Friday,Loss,Janna,UTILITY
EUW1_6742756853,2023-12-29 22:30:12.249,2023-12-29,22:30:12,Friday,Loss,Janna,UTILITY
EUW1_6742690632,2023-12-29 21:54:08.804,2023-12-29,21:54:08,Friday,Win,Janna,UTILITY
EUW1_6742612209,2023-12-29 21:17:08.527,2023-12-29,21:17:08,Friday,Loss,Tristana,BOTTOM
EUW1_6742547161,2023-12-29 20:38:23.230,2023-12-29,20:38:23,Friday,Loss,Kaisa,BOTTOM
EUW1_6742347738,2023-12-29 18:28:00.583,2023-12-29,18:28:00,Friday,Win,Kaisa,BOTTOM
EUW1_6742200057,2023-12-29 16:56:25.862,2023-12-29,16:56:25,Friday,Win,Tristana,BOTTOM
EUW1_6742147943,2023-12-29 16:19:48.847,2023-12-29,16:19:48,Friday,Win,Kaisa,BOTTOM
EUW1_6742108571,2023-12-29 15:48:56.911,2023-12-29,15:48:56,Friday,Win,Kaisa,BOTTOM
EUW1_6742006006,2023-12-29 14:36:30.065,2023-12-29,14:36:30,Friday,Win,Kaisa,BOTTOM
EUW1_6741930265,2023-12-29 13:32:16.062,2023-12-29,13:32:16,Friday,Win,Tristana,BOTTOM
EUW1_6741900665,2023-12-29 12:57:53.170,2023-12-29,12:57:53,Friday,Loss,Tristana,BOTTOM
EUW1_6741819190,2023-12-29 11:34:40.163,2023-12-29,11:34:40,Friday,Win,Tristana,BOTTOM
EUW1_6741791413,2023-12-29 11:00:46.139,2023-12-29,11:00:46,Friday,Loss,Tristana,BOTTOM
EUW1_6741765413,2023-12-29 10:22:04.686,2023-12-29,10:22:04,Friday,Loss,Kaisa,BOTTOM
EUW1_6741752212,2023-12-29 09:48:17.310,2023-12-29,09:48:17,Friday,Loss,Janna,UTILITY
EUW1_6741545870,2023-12-29 01:50:01.597,2023-12-29,01:50:01,Friday,Win,Janna,UTILITY
EUW1_6741492073,2023-12-29 01:05:05.828,2023-12-29,01:05:05,Friday,Win,Janna,UTILITY
EUW1_6741453168,2023-12-29 00:40:08.587,2023-12-29,00:40:08,Friday,Win,Janna,UTILITY
EUW1_6741394431,2023-12-29 00:04:58.034,2023-12-29,00:04:58,Friday,Loss,Janna,UTILITY
EUW1_6741323746,2023-12-28 23:22:33.916,2023-12-28,23:22:33,Thursday,Win,Janna,UTILITY
EUW1_6741236057,2023-12-28 22:41:17.312,2023-12-28,22:41:17,Thursday,Win,Janna,UTILITY
EUW1_6741175069,2023-12-28 22:12:15.301,2023-12-28,22:12:15,Thursday,Loss,Janna,UTILITY
EUW1_6741107469,2023-12-28 21:33:03.930,2023-12-28,21:33:03,Thursday,Win,Janna,UTILITY
EUW1_6741031679,2023-12-28 20:53:42.445,2023-12-28,20:53:42,Thursday,Loss,Tristana,BOTTOM
EUW1_6740984680,2023-12-28 20:27:59.815,2023-12-28,20:27:59,Thursday,Loss,Tristana,BOTTOM
EUW1_6740921205,2023-12-28 19:53:42.417,2023-12-28,19:53:42,Thursday,Win,Tristana,BOTTOM
EUW1_6740850845,2023-12-28 19:08:54.705,2023-12-28,19:08:54,Thursday,Win,Tristana,BOTTOM
EUW1_6740798637,2023-12-28 18:34:43.352,2023-12-28,18:34:43,Thursday,Loss,Kaisa,BOTTOM
EUW1_6740183333,2023-12-28 09:43:51.250,2023-12-28,09:43:51,Thursday,Win,Tristana,BOTTOM
EUW1_6740170940,2023-12-28 09:09:08.154,2023-12-28,09:09:08,Thursday,Win,Kaisa,BOTTOM
EUW1_6740156071,2023-12-28 08:31:20.344,2023-12-28,08:31:20,Thursday,Win,Kaisa,BOTTOM
EUW1_6740142363,2023-12-28 08:01:36.967,2023-12-28,08:01:36,Thursday,Loss,Kaisa,BOTTOM
EUW1_6739083801,2023-12-27 17:03:49.798,2023-12-27,17:03:49,Wednesday,Loss,Tristana,BOTTOM
EUW1_6739023190,2023-12-27 16:28:03.888,2023-12-27,16:28:03,Wednesday,Win,Tristana,BOTTOM
EUW1_6738986055,2023-12-27 16:00:04.287,2023-12-27,16:00:04,Wednesday,Loss,Tristana,BOTTOM
EUW1_6738935215,2023-12-27 15:24:28.447,2023-12-27,15:24:28,Wednesday,Win,Tristana,BOTTOM
EUW1_6738614846,2023-12-27 09:12:13.890,2023-12-27,09:12:13,Wednesday,Win,Tristana,BOTTOM
EUW1_6738604717,2023-12-27 08:36:21.159,2023-12-27,08:36:21,Wednesday,Loss,Kaisa,BOTTOM
EUW1_6738175969,2023-12-26 22:45:39.540,2023-12-26,22:45:39,Tuesday,Loss,Kaisa,BOTTOM
EUW1_6738115670,2023-12-26 22:11:01.645,2023-12-26,22:11:01,Tuesday,Loss,Kaisa,BOTTOM
EUW1_6738015399,2023-12-26 21:21:17.002,2023-12-26,21:21:17,Tuesday,Loss,Kaisa,BOTTOM
EUW1_6737957146,2023-12-26 20:45:40.164,2023-12-26,20:45:40,Tuesday,Loss,Tristana,BOTTOM
EUW1_6737897155,2023-12-26 20:06:36.899,2023-12-26,20:06:36,Tuesday,Win,Tristana,BOTTOM
EUW1_6737883083,2023-12-26 19:57:18.685,2023-12-26,19:57:18,Tuesday,Loss,Tristana,BOTTOM
EUW1_6737815368,2023-12-26 19:17:35.169,2023-12-26,19:17:35,Tuesday,Loss,Tristana,BOTTOM
EUW1_6737689700,2023-12-26 17:54:08.147,2023-12-26,17:54:08,Tuesday,Loss,Kaisa,BOTTOM
EUW1_6737622676,2023-12-26 17:08:34.261,2023-12-26,17:08:34,Tuesday,Win,Kaisa,BOTTOM
EUW1_6737541587,2023-12-26 16:12:54.600,2023-12-26,16:12:54,Tuesday,Win,Kaisa,BOTTOM
EUW1_6737496918,2023-12-26 15:41:52.928,2023-12-26,15:41:52,Tuesday,Win,Kaisa,BOTTOM
EUW1_6737463546,2023-12-26 15:12:27.195,2023-12-26,15:12:27,Tuesday,Loss,Kaisa,BOTTOM
EUW1_6737435076,2023-12-26 14:55:48.341,2023-12-26,14:55:48,Tuesday,Loss,Kaisa,BOTTOM
EUW1_6737332616,2023-12-26 13:22:39.847,2023-12-26,13:22:39,Tuesday,Win,Kaisa,BOTTOM
EUW1_6737305916,2023-12-26 13:00:45.980,2023-12-26,13:00:45,Tuesday,Win,Kaisa,BOTTOM
EUW1_6737273001,2023-12-26 12:29:05.729,2023-12-26,12:29:05,Tuesday,Loss,Kaisa,BOTTOM
EUW1_6737255699,2023-12-26 12:01:29.252,2023-12-26,12:01:29,Tuesday,Win,Kaisa,BOTTOM
EUW1_6737221814,2023-12-26 11:24:25.659,2023-12-26,11:24:25,Tuesday,Loss,Kaisa,BOTTOM
EUW1_6737194918,2023-12-26 10:46:02.957,2023-12-26,10:46:02,Tuesday,Win,Kaisa,BOTTOM
EUW1_6736941751,2023-12-26 01:38:20.693,2023-12-26,01:38:20,Tuesday,Win,Kaisa,BOTTOM
EUW1_6736888452,2023-12-26 01:00:26.633,2023-12-26,01:00:26,Tuesday,Loss,Kaisa,BOTTOM
EUW1_6736831332,2023-12-26 00:20:23.725,2023-12-26,00:20:23,Tuesday,Loss,Janna,UTILITY
EUW1_6736769138,2023-12-25 23:41:39.977,2023-12-25,23:41:39,Monday,Loss,Janna,UTILITY
EUW1_6736700921,2023-12-25 23:02:59.721,2023-12-25,23:02:59,Monday,Loss,Janna,UTILITY
EUW1_6736631673,2023-12-25 22:24:28.360,2023-12-25,22:24:28,Monday,Win,Janna,UTILITY
EUW1_6736547789,2023-12-25 21:39:07.706,2023-12-25,21:39:07,Monday,Win,Janna,UTILITY
EUW1_6736286115,2023-12-25 18:55:46.585,2023-12-25,18:55:46,Monday,Loss,Janna,UTILITY
EUW1_6736232787,2023-12-25 18:14:51.799,2023-12-25,18:14:51,Monday,Win,Janna,UTILITY
EUW1_6736180306,2023-12-25 17:40:23.612,2023-12-25,17:40:23,Monday,Loss,Janna,UTILITY
EUW1_6736132179,2023-12-25 17:00:51.763,2023-12-25,17:00:51,Monday,Win,Janna,UTILITY
EUW1_6736072201,2023-12-25 16:11:31.140,2023-12-25,16:11:31,Monday,Loss,Kaisa,BOTTOM
EUW1_6736038365,2023-12-25 15:41:15.853,2023-12-25,15:41:15,Monday,Win,Kaisa,BOTTOM
EUW1_6735998359,2023-12-25 14:58:10.044,2023-12-25,14:58:10,Monday,Win,Kaisa,BOTTOM
EUW1_6735969852,2023-12-25 14:19:47.467,2023-12-25,14:19:47,Monday,Win,Kaisa,BOTTOM
EUW1_6735936445,2023-12-25 13:48:49.745,2023-12-25,13:48:49,Monday,Loss,Kaisa,BOTTOM
EUW1_6735906264,2023-12-25 13:08:59.575,2023-12-25,13:08:59,Monday,Win,Kaisa,BOTTOM
EUW1_6735890466,2023-12-25 12:35:23.701,2023-12-25,12:35:23,Monday,Loss,Twitch,BOTTOM
EUW1_6735857972,2023-12-25 11:55:52.397,2023-12-25,11:55:52,Monday,Loss,Kaisa,BOTTOM
EUW1_6735829320,2023-12-25 11:16:11.066,2023-12-25,11:16:11,Monday,Loss,Kaisa,BOTTOM
EUW1_6735812738,2023-12-25 10:23:12.520,2023-12-25,10:23:12,Monday,Loss,Janna,UTILITY
EUW1_6735793822,2023-12-25 09:43:55.521,2023-12-25,09:43:55,Monday,Loss,Janna,UTILITY
EUW1_6735780991,2023-12-25 09:11:06.964,2023-12-25,09:11:06,Monday,Win,Janna,UTILITY
EUW1_6735339391,2023-12-24 22:13:45.308,2023-12-24,22:13:45,Sunday,Win,Kaisa,BOTTOM
EUW1_6735296854,2023-12-24 21:30:26.535,2023-12-24,21:30:26,Sunday,Loss,Janna,UTILITY
EUW1_6735264604,2023-12-24 20:56:51.395,2023-12-24,20:56:51,Sunday,Win,Janna,UTILITY
EUW1_6735209212,2023-12-24 20:11:45.501,2023-12-24,20:11:45,Sunday,Win,Janna,UTILITY
EUW1_6735158327,2023-12-24 19:22:05.766,2023-12-24,19:22:05,Sunday,Win,Janna,UTILITY
EUW1_6734991093,2023-12-24 16:58:39.042,2023-12-24,16:58:39,Sunday,Win,Janna,UTILITY
EUW1_6734943908,2023-12-24 16:23:38.059,2023-12-24,16:23:38,Sunday,Loss,Janna,UTILITY
EUW1_6734903692,2023-12-24 15:51:54.611,2023-12-24,15:51:54,Sunday,Loss,Janna,UTILITY
EUW1_6734850297,2023-12-24 15:18:30.086,2023-12-24,15:18:30,Sunday,Win,Janna,UTILITY
EUW1_6734816736,2023-12-24 14:48:26.370,2023-12-24,14:48:26,Sunday,Win,Janna,UTILITY
EUW1_6734737862,2023-12-24 13:47:50.856,2023-12-24,13:47:50,Sunday,Win,Janna,UTILITY
EUW1_6734701835,2023-12-24 13:18:52.047,2023-12-24,13:18:52,Sunday,Win,Janna,UTILITY
EUW1_6734657008,2023-12-24 12:40:47.377,2023-12-24,12:40:47,Sunday,Win,Tristana,BOTTOM
EUW1_6734614047,2023-12-24 11:57:51.897,2023-12-24,11:57:51,Sunday,Win,Kaisa,BOTTOM
EUW1_6734582346,2023-12-24 11:23:32.722,2023-12-24,11:23:32,Sunday,Win,Kaisa,BOTTOM
EUW1_6734552985,2023-12-24 10:40:05.890,2023-12-24,10:40:05,Sunday,Loss,Kaisa,BOTTOM
EUW1_6734529719,2023-12-24 09:56:02.291,2023-12-24,09:56:02,Sunday,Loss,Kaisa,BOTTOM
EUW1_6734511142,2023-12-24 09:23:44.461,2023-12-24,09:23:44,Sunday,Win,Kaisa,BOTTOM
EUW1_6734179906,2023-12-24 00:16:40.680,2023-12-24,00:16:40,Sunday,Loss,Kaisa,BOTTOM
EUW1_6734135725,2023-12-23 23:49:07.338,2023-12-23,23:49:07,Saturday,Loss,Kaisa,BOTTOM
EUW1_6734049329,2023-12-23 23:05:28.784,2023-12-23,23:05:28,Saturday,Loss,Tristana,BOTTOM
EUW1_6733990774,2023-12-23 22:32:06.036,2023-12-23,22:32:06,Saturday,Loss,Kaisa,BOTTOM
EUW1_6733688534,2023-12-23 19:32:46.452,2023-12-23,19:32:46,Saturday,Loss,Kaisa,BOTTOM
EUW1_6733622156,2023-12-23 18:54:15.756,2023-12-23,18:54:15,Saturday,Win,Kaisa,BOTTOM
EUW1_6732626130,2023-12-23 00:05:18.735,2023-12-23,00:05:18,Saturday,Loss,Kaisa,BOTTOM
EUW1_6731927827,2023-12-22 17:13:39.452,2023-12-22,17:13:39,Friday,Win,Kaisa,BOTTOM
EUW1_6731909132,2023-12-22 17:03:22.937,2023-12-22,17:03:22,Friday,Win,Kaisa,BOTTOM
